prompt,completion,preds
"Return the TARGET [Trump/Clinton] and STANCE [Favor/Against/None]. Answer: {TARGET, STANCE}

""""""@Jeff_Nichols_82 @HillaryforIA #freedom_justice_equality_education for innovation and development to make #happy_life in Utopia
""""""
","Clinton, Favor","Clinton, None"
"Return the TARGET [Trump/Clinton] and STANCE [Favor/Against/None]. Answer: {TARGET, STANCE}

""""""@jimlibertarian @peddoc63 @Callisto1947 @MaydnUSA @c5hardtop1999 @surfermom77 @SMolloyDVM That's right!
""""""
","Clinton, Against","None, None"
"Return the TARGET [Trump/Clinton] and STANCE [Favor/Against/None]. Answer: {TARGET, STANCE}

""""""Cruz-- Perry 2016 @tedcruz @GovernorPerry It's the only win-win choice
""""""
","Clinton, Against","None, None"
"Return the TARGET [Trump/Clinton] and STANCE [Favor/Against/None]. Answer: {TARGET, STANCE}

""""""Thanks @Chefs4Hillary for amazing noms for canvassing #FITN
""""""
","Clinton, Favor","Clinton, Favor"
"Return the TARGET [Trump/Clinton] and STANCE [Favor/Against/None]. Answer: {TARGET, STANCE}

""""""@TODAYshow @ChrisChristie is not qualified b/c he eats $82,000 in snacks & b/c of D corruption of #Bridgegate  A BIG FAT BULLY!
""""""
","Clinton, Against","Trump, Against"
"Return the TARGET [Trump/Clinton] and STANCE [Favor/Against/None]. Answer: {TARGET, STANCE}

""""""/#Leftest #Hippocratic #Domecrats won't vote for #FineLady #MichellBachmann but will vote for #EmailScandal #Benghazi #Killary
""""""
","Clinton, Against","Clinton, Against"
"Return the TARGET [Trump/Clinton] and STANCE [Favor/Against/None]. Answer: {TARGET, STANCE}

""""""@thehill Who's in charge of Hillary's campaign? Please get it under control and on message. #smh
""""""
","Clinton, Against","Clinton, Against"
"Return the TARGET [Trump/Clinton] and STANCE [Favor/Against/None]. Answer: {TARGET, STANCE}

""""""Another #Hillary supporter committed to caucus tonight! One more step on the way to winning the Iowa caucus.
""""""
","Clinton, Favor","Clinton, Favor"
"Return the TARGET [Trump/Clinton] and STANCE [Favor/Against/None]. Answer: {TARGET, STANCE}

""""""Leader of free world. Global navigating. Interacting with the international community. Beyond big crowds. Learned lesson.
""""""
","Clinton, Against","None, None"
"Return the TARGET [Trump/Clinton] and STANCE [Favor/Against/None]. Answer: {TARGET, STANCE}

""""""Congratulations to our Women Soccer Team for just winning the World Cup against Japan 5-2, women rule ! #freeallfour
""""""
","Clinton, Against","None, None"
"Return the TARGET [Trump/Clinton] and STANCE [Favor/Against/None]. Answer: {TARGET, STANCE}

""""""@HillaryClinton lied about the cost of the gala, she was fined for it, but if it were @GOP they'd be in jail  Unfit for office 
""""""
","Clinton, Against","Clinton, Against"
"Return the TARGET [Trump/Clinton] and STANCE [Favor/Against/None]. Answer: {TARGET, STANCE}

""""""@HillaryClinton interview was ridiculous!! She's such a liar!
""""""
","Clinton, Against","Clinton, Against"
"Return the TARGET [Trump/Clinton] and STANCE [Favor/Against/None]. Answer: {TARGET, STANCE}

""""""Hillary is on her way to #Baltimore to be their champion. #BaltimoreRiots
""""""
","Clinton, Favor","Clinton, Favor"
"Return the TARGET [Trump/Clinton] and STANCE [Favor/Against/None]. Answer: {TARGET, STANCE}

""""""if Hillary wins the election there's a chance we might move to Australia. #HILLARY4PRES
""""""
","Clinton, Against","Clinton, Favor"
"Return the TARGET [Trump/Clinton] and STANCE [Favor/Against/None]. Answer: {TARGET, STANCE}

""""""I think marriage is as it has always been, between a man and a woman. - @HillaryClinton  #MarriageEquaility #justsaying
""""""
","Clinton, Against","Clinton, Against"
"Return the TARGET [Trump/Clinton] and STANCE [Favor/Against/None]. Answer: {TARGET, STANCE}

""""""@HillaryClinton Where are the #LGBT pride condoms #BillClinton used when he assaulted #MonicaLewinsky? #HillaryClinton #tlot
""""""
","Clinton, Against","Trump, Against"
"Return the TARGET [Trump/Clinton] and STANCE [Favor/Against/None]. Answer: {TARGET, STANCE}

""""""@_Poli_Ana_ No, she's got the #BlackLivesMatter vote w/o even talking to them.  Most blacks are brainwashed by @TheDemocrats
""""""
","Clinton, Against","Clinton, Favor"
"Return the TARGET [Trump/Clinton] and STANCE [Favor/Against/None]. Answer: {TARGET, STANCE}

""""""@AppSame: Queen @HillaryClinton Was asked What she thought about @realDonaldTrump comments on illegals She Said LET ME EAT PIE
""""""
","Clinton, Against","Clinton, None"
"Return the TARGET [Trump/Clinton] and STANCE [Favor/Against/None]. Answer: {TARGET, STANCE}

""""""#Hillary is as transparent as a brick wall #LibertyNotHillary
""""""
","Clinton, Against","Clinton, Against"
"Return the TARGET [Trump/Clinton] and STANCE [Favor/Against/None]. Answer: {TARGET, STANCE}

""""""Was asked by @HillaryClinton to help with her campaign. Gladly (excitedly) accepted!
""""""
","Clinton, Favor","Trump, Favor"
"Return the TARGET [Trump/Clinton] and STANCE [Favor/Against/None]. Answer: {TARGET, STANCE}

""""""Did you hear the answer Hillary gave to a reporter when they asked a question?!?   Neither have I. 
""""""
","Clinton, Against","Clinton, None"
"Return the TARGET [Trump/Clinton] and STANCE [Favor/Against/None]. Answer: {TARGET, STANCE}

""""""#HillaryClinton might want to book smaller venues for her rallies, if not many empty seats will be seen on TV, that's bad lol
""""""
","Clinton, Against","Clinton, Against"
"Return the TARGET [Trump/Clinton] and STANCE [Favor/Against/None]. Answer: {TARGET, STANCE}

""""""Thank you @HillaryClinton for your support of the LGBT community. On this historic day I thank you for giving us hope.
""""""
","Clinton, Favor","Clinton, Favor"
"Return the TARGET [Trump/Clinton] and STANCE [Favor/Against/None]. Answer: {TARGET, STANCE}

""""""Can't #UniteBlue, RT LindaSuhler: Hillary:People Trust Me, Blames 'Constant Barrage of Attacks' By the Right #delusional #WakeUpA...
""""""
","Clinton, Against","Clinton, None"
"Return the TARGET [Trump/Clinton] and STANCE [Favor/Against/None]. Answer: {TARGET, STANCE}

""""""Headed to Chester, SC for a big hillary canvass! Join me. Wylie park 11-3
""""""
","Clinton, Favor","Clinton, Favor"
"Return the TARGET [Trump/Clinton] and STANCE [Favor/Against/None]. Answer: {TARGET, STANCE}

""""""Don't you someday want to see a well qualified candidate by the president of the United States? #ReflectingHillary
""""""
","Clinton, Favor","Clinton, Favor"
"Return the TARGET [Trump/Clinton] and STANCE [Favor/Against/None]. Answer: {TARGET, STANCE}

""""""It's Monday night,do you know where your Hillary supporters are? In Rock Hill at our Amazing Phone bank! Come join!HillaryforSC
""""""
","Clinton, Favor","Clinton, Favor"
"Return the TARGET [Trump/Clinton] and STANCE [Favor/Against/None]. Answer: {TARGET, STANCE}

""""""Hillary has sacrificed more Ambassadors, told more lies, hid and destroyed more evidence... The beat goes on,,, @McSadie
""""""
","Clinton, Against","Clinton, Against"
"Return the TARGET [Trump/Clinton] and STANCE [Favor/Against/None]. Answer: {TARGET, STANCE}

""""""@asphaultangel13 Afterall, they're just a poor black family trying to pay the bills!  @crousselle #WhyImNotVotingForHillary #TCOT
""""""
","Clinton, Against","Clinton, Against"
"Return the TARGET [Trump/Clinton] and STANCE [Favor/Against/None]. Answer: {TARGET, STANCE}

""""""Hillary can't create jobs! Last time she had a job to do, she outsourced it to Monica Lewinsky.
""""""
","Clinton, Against","Clinton, Against"
"Return the TARGET [Trump/Clinton] and STANCE [Favor/Against/None]. Answer: {TARGET, STANCE}

""""""Didn't take long for Clinton lackey @PaulBegala to play the ""crazy"" card. So predictable
""""""
","Clinton, Against","Clinton, Against"
"Return the TARGET [Trump/Clinton] and STANCE [Favor/Against/None]. Answer: {TARGET, STANCE}

""""""@HillaryforNV Many thanks for the follow!
""""""
","Clinton, Favor","Clinton, None"
"Return the TARGET [Trump/Clinton] and STANCE [Favor/Against/None]. Answer: {TARGET, STANCE}

""""""If it's been 80+ days since you've done an interview,  can we assume you're not really running for president?
""""""
","Clinton, None","Trump, Against"
"Return the TARGET [Trump/Clinton] and STANCE [Favor/Against/None]. Answer: {TARGET, STANCE}

""""""@DesireeAaron @HillaryClinton  Sheets Clinton Ya got to love it #HillaryonCNN #HillaryClinton
""""""
","Clinton, Favor","Clinton, Favor"
"Return the TARGET [Trump/Clinton] and STANCE [Favor/Against/None]. Answer: {TARGET, STANCE}

""""""@AdamSmith_USA Nice video. GOOD Luck WITH it.
""""""
","Clinton, None","None, None"
"Return the TARGET [Trump/Clinton] and STANCE [Favor/Against/None]. Answer: {TARGET, STANCE}

""""""@josephbenning I agree, these are better than what you had before, like a severe cold is better than pneumonia. Good luck.
""""""
","Clinton, None","None, None"
"Return the TARGET [Trump/Clinton] and STANCE [Favor/Against/None]. Answer: {TARGET, STANCE}

""""""@AndreaTantaros Clinton privilege transcends white privilege, rock star privilege, NFL privilege & intergalactic alien privilege.
""""""
","Clinton, Against","Clinton, Against"
"Return the TARGET [Trump/Clinton] and STANCE [Favor/Against/None]. Answer: {TARGET, STANCE}

""""""@CBSThisMorning Emails missing and incomplete? Who'd of thunk it?  I'M ABOVE THE LAW and the rest of you peons! JUST TRUST ME!
""""""
","Clinton, Against","Trump, Against"
"Return the TARGET [Trump/Clinton] and STANCE [Favor/Against/None]. Answer: {TARGET, STANCE}

""""""'Hilary is not electable' then you stand no chance @realDonaldTrump #carnivalbarker
""""""
","Clinton, Against","Trump, Against"
"Return the TARGET [Trump/Clinton] and STANCE [Favor/Against/None]. Answer: {TARGET, STANCE}

""""""@HillaryClinton End lawless #ClintonFoundation. Jail Butcher of #Benghazi. #Arrest rapist #BillClinton. #HillaryClinton
""""""
","Clinton, Against","Trump, Against"
"Return the TARGET [Trump/Clinton] and STANCE [Favor/Against/None]. Answer: {TARGET, STANCE}

""""""Dad while watching the news:  Politics is just show business for ugly people #HowAboutNo
""""""
","Clinton, None","Trump, Against, Clinton, Against"
"Return the TARGET [Trump/Clinton] and STANCE [Favor/Against/None]. Answer: {TARGET, STANCE}

""""""@NatureGuy101 @MaryMorientes   Support encourage #HillaryClinton president #UnitedStates world is success of women in  world
""""""
","Clinton, Favor","Clinton, Favor"
"Return the TARGET [Trump/Clinton] and STANCE [Favor/Against/None]. Answer: {TARGET, STANCE}

""""""SO ANYWAYS WHAT DID HE SAY? ANYTHING ABOUT VOTING FOR ME? #OBAMA #ISIS #ISIL
""""""
","Clinton, None","None, None"
"Return the TARGET [Trump/Clinton] and STANCE [Favor/Against/None]. Answer: {TARGET, STANCE}

""""""The federal government did not create the states, the states created the federal government. Ronald Reagan #Federalism
""""""
","Clinton, Against","None, None"
"Return the TARGET [Trump/Clinton] and STANCE [Favor/Against/None]. Answer: {TARGET, STANCE}

""""""Donald Trump is a joke. His a simpleminded idiot, and I have nothing else to say about him. He can go FUCK him self.
""""""
","Clinton, None","Trump, Against"
"Return the TARGET [Trump/Clinton] and STANCE [Favor/Against/None]. Answer: {TARGET, STANCE}

""""""Our Queen City is currently infested w/ out-of-state plate Priuses driven by millennials w/ Hillary bumper stickers. #MHT
""""""
","Clinton, Against","Clinton, Against"
"Return the TARGET [Trump/Clinton] and STANCE [Favor/Against/None]. Answer: {TARGET, STANCE}

""""""Today's number is 8! That's how many years old Jesus was when he learned to ride a bike!  Pretty cool dude! #USWNT #proudmom
""""""
","Clinton, Against","Trump, None"
"Return the TARGET [Trump/Clinton] and STANCE [Favor/Against/None]. Answer: {TARGET, STANCE}

""""""@tedcruz won't be there. I'm supporting @HillaryClinton for President. #lgbtrights #ACAWorks
""""""
","Clinton, Favor","Clinton, Favor"
"Return the TARGET [Trump/Clinton] and STANCE [Favor/Against/None]. Answer: {TARGET, STANCE}

""""""If I get killed. Thank @realDonaldTrump . I was tweeting mad crap about him.  I don't take it back.
""""""
","Clinton, None","Trump, Against"
"Return the TARGET [Trump/Clinton] and STANCE [Favor/Against/None]. Answer: {TARGET, STANCE}

""""""U Missouri at KC got Chelsea caus Hils cost too much. Chels could arrive w/ mom - no xtra charge. @HillaryClinton
""""""
","Clinton, Against","Clinton, Favor"
"Return the TARGET [Trump/Clinton] and STANCE [Favor/Against/None]. Answer: {TARGET, STANCE}

""""""@Jami_USA I'm just hoping we don't have to resurrect the no H8 for Hillary's second term.
""""""
","Clinton, Against","Clinton, None"
"Return the TARGET [Trump/Clinton] and STANCE [Favor/Against/None]. Answer: {TARGET, STANCE}

""""""@CNNPolitics @PoliticalAnt @moody this is beautiful #oops
""""""
","Clinton, None","None, None"
"Return the TARGET [Trump/Clinton] and STANCE [Favor/Against/None]. Answer: {TARGET, STANCE}

"""""".@HillaryClinton What's the ambient temperature in #Hell today? Use that as a guide! 
""""""
","Clinton, Against","Clinton, Against"
"Return the TARGET [Trump/Clinton] and STANCE [Favor/Against/None]. Answer: {TARGET, STANCE}

""""""Hillary flew on private jet to speak to speak about Income & Equality. Dinner plates were $2700.00 ! #EqualityForAll #PJNET #CCOT
""""""
","Clinton, Against","Clinton, Against"
"Return the TARGET [Trump/Clinton] and STANCE [Favor/Against/None]. Answer: {TARGET, STANCE}

""""""@realDonaldTrump has my vote! The truth will set you free and we need transparency in Washington now more than ever!
""""""
","Clinton, Against","Trump, Favor"
"Return the TARGET [Trump/Clinton] and STANCE [Favor/Against/None]. Answer: {TARGET, STANCE}

""""""@thehill : Women deserve a better candidate for the HIGH HONOR if first woman President: We ALL do! #WhyI'mNotVotingForHillary
""""""
","Clinton, Against","Clinton, None"
"Return the TARGET [Trump/Clinton] and STANCE [Favor/Against/None]. Answer: {TARGET, STANCE}

""""""@ZekeJMiller @BretBaier @danmericaCNN  How could anyone vote for that woman? 
""""""
","Clinton, Against","Clinton, Against"
"Return the TARGET [Trump/Clinton] and STANCE [Favor/Against/None]. Answer: {TARGET, STANCE}

""""""SCOTUS dealt a blow to Hillary Clintons last campaign 'promise'... What is she running on now? Corruption, lies, and deceit.
""""""
","Clinton, Against","Trump, Against"
"Return the TARGET [Trump/Clinton] and STANCE [Favor/Against/None]. Answer: {TARGET, STANCE}

""""""@msnbc @Lawrence @JoeBiden @SenSanders  we love Joe and Bernie--but they ARE too OLD--they would end up a #OneTerm President
""""""
","Clinton, Against","None, None"
"Return the TARGET [Trump/Clinton] and STANCE [Favor/Against/None]. Answer: {TARGET, STANCE}

""""""#Hillary's still very weak among grassroots - as shown by how strong #BernieSanders got how fast on how little. @AaronBlakeWP
""""""
","Clinton, Against","Clinton, Against"
"Return the TARGET [Trump/Clinton] and STANCE [Favor/Against/None]. Answer: {TARGET, STANCE}

""""""@TheDemocrats @DNCWomen I'm down to help for 2016 election.
""""""
","Clinton, Favor","Clinton, Favor"
"Return the TARGET [Trump/Clinton] and STANCE [Favor/Against/None]. Answer: {TARGET, STANCE}

""""""The press needs to get out of the way so the peasants can get a glimpse of her Highness. #morningjoe 
""""""
","Clinton, Against","Clinton, Favor"
"Return the TARGET [Trump/Clinton] and STANCE [Favor/Against/None]. Answer: {TARGET, STANCE}

""""""@ReformedBroker ""to da honies gittin money playing #bleep words like dummies"" #POPPA
""""""
","Clinton, None","None, None"
"Return the TARGET [Trump/Clinton] and STANCE [Favor/Against/None]. Answer: {TARGET, STANCE}

""""""Gwen being a good leader and training a new volunteer in rock hill.! #FellowsSC #HillaryForSC
""""""
","Clinton, Favor","Clinton, Favor"
"Return the TARGET [Trump/Clinton] and STANCE [Favor/Against/None]. Answer: {TARGET, STANCE}

""""""@CNN and CNN proved they are not a legitimate news organization by not calling her out about all her lies. #JournalismIsDead
""""""
","Clinton, Against","Clinton, Against"
"Return the TARGET [Trump/Clinton] and STANCE [Favor/Against/None]. Answer: {TARGET, STANCE}

""""""@HillaryClinton The deceit hand? Thats a hand you know well. Right?
""""""
","Clinton, Against","Clinton, Against"
"Return the TARGET [Trump/Clinton] and STANCE [Favor/Against/None]. Answer: {TARGET, STANCE}

""""""Ok now Latino are deciding who is going to be president of the US #Jeb2016 #DonaldTrump #Sanders2016 #
""""""
","Clinton, Against","None, None"
"Return the TARGET [Trump/Clinton] and STANCE [Favor/Against/None]. Answer: {TARGET, STANCE}

""""""Can anyone name the jobs #HillaryClinton has been responsible for creating.. Even her security is an entitlement...
""""""
","Clinton, Against","Clinton, Against"
"Return the TARGET [Trump/Clinton] and STANCE [Favor/Against/None]. Answer: {TARGET, STANCE}

""""""Too many women in too many countries speak the same language ¢´ ´Ó of silence. HILLARY CLINTON #HillaryCliton #Hillary4Women
""""""
","Clinton, Favor","Clinton, Favor"
"Return the TARGET [Trump/Clinton] and STANCE [Favor/Against/None]. Answer: {TARGET, STANCE}

""""""@HillaryClinton is opening 10 more offices in Iowa this week.  She's not playing around! #iacaucus
""""""
","Clinton, Against","Clinton, Favor"
"Return the TARGET [Trump/Clinton] and STANCE [Favor/Against/None]. Answer: {TARGET, STANCE}

""""""@Ba68scgal The guy w/ the #Benghazi sign has guts Loveit #NoHillary2016
""""""
","Clinton, Against","Clinton, Against"
"Return the TARGET [Trump/Clinton] and STANCE [Favor/Against/None]. Answer: {TARGET, STANCE}

""""""@17leete17 hahaha. He is some kind of special..  this is why Hillary's going to win! Hahaha.
""""""
","Clinton, Favor","Clinton, Favor"
"Return the TARGET [Trump/Clinton] and STANCE [Favor/Against/None]. Answer: {TARGET, STANCE}

""""""Pundits say Jim Webb facing uphill battle with Hillary.  Really, it's with Bernie for the anti-Hillary vote.  #JimWebb
""""""
","Clinton, Against","Clinton, Against"
"Return the TARGET [Trump/Clinton] and STANCE [Favor/Against/None]. Answer: {TARGET, STANCE}

""""""@BDabs888 let's go shoot your now today.
""""""
","Clinton, None","None, None"
"Return the TARGET [Trump/Clinton] and STANCE [Favor/Against/None]. Answer: {TARGET, STANCE}

""""""Very simple: the Clinton's are corrupt.
""""""
","Clinton, Against","Clinton, Against"
"Return the TARGET [Trump/Clinton] and STANCE [Favor/Against/None]. Answer: {TARGET, STANCE}

""""""@JewboyDonny oh I know he won't he effed himself over in the beginning 
""""""
","Clinton, None","Trump, Against"
"Return the TARGET [Trump/Clinton] and STANCE [Favor/Against/None]. Answer: {TARGET, STANCE}

""""""Hillary needs to go to a Sheetz gas station after 10 pm to see the real America.
""""""
","Clinton, Against","Clinton, None"
"Return the TARGET [Trump/Clinton] and STANCE [Favor/Against/None]. Answer: {TARGET, STANCE}

"""""".@HillaryClinton Looking 4ward 2 hearing your Economic Agenda on Monday July13. WOW a candidate talking Specifics & not Rhetoric!
""""""
","Clinton, Favor","Clinton, Favor"
"Return the TARGET [Trump/Clinton] and STANCE [Favor/Against/None]. Answer: {TARGET, STANCE}

""""""@HillaryforNH will u rope off the people too Hillary swine?  #uppers #uniteblue
""""""
","Clinton, Against","Clinton, Against"
"Return the TARGET [Trump/Clinton] and STANCE [Favor/Against/None]. Answer: {TARGET, STANCE}

""""""@megynkelly Hahahaha combed through emails!!! Bunch of scumbags!!! #NoHillary2016
""""""
","Clinton, Against","Clinton, Against"
"Return the TARGET [Trump/Clinton] and STANCE [Favor/Against/None]. Answer: {TARGET, STANCE}

""""""'Hillary-speak' campaign rhetoric is going to be the death of me. @jmarkwalk
""""""
","Clinton, Against","Clinton, Against"
"Return the TARGET [Trump/Clinton] and STANCE [Favor/Against/None]. Answer: {TARGET, STANCE}

""""""@betheljd Thanks for the follow David, may God bless you and your family.  #freeallfour
""""""
","Clinton, None","None, None"
"Return the TARGET [Trump/Clinton] and STANCE [Favor/Against/None]. Answer: {TARGET, STANCE}

""""""I think it's funny people think Bernie can take on Hillary and Bill
""""""
","Clinton, Favor","Clinton, None"
"Return the TARGET [Trump/Clinton] and STANCE [Favor/Against/None]. Answer: {TARGET, STANCE}

""""""Hillary's campaign events are scripted dog & pony shows designed to shelter her from vetting b4 the coronation
""""""
","Clinton, Against","Clinton, Against"
"Return the TARGET [Trump/Clinton] and STANCE [Favor/Against/None]. Answer: {TARGET, STANCE}

""""""Hillary can't use a fucking fax machine but you idiots are going to vote for her to be President? 
""""""
","Clinton, Against","Clinton, Against"
"Return the TARGET [Trump/Clinton] and STANCE [Favor/Against/None]. Answer: {TARGET, STANCE}

""""""@RedStateJake ""@HillaryClinton can't even manage @billclinton and she wants to be @POTUS"" #lol #WakeUpAmerica #StopHillary2016
""""""
","Clinton, Against","Trump, Against"
"Return the TARGET [Trump/Clinton] and STANCE [Favor/Against/None]. Answer: {TARGET, STANCE}

""""""@therealjenappel IM HIGH ON HASHTAGS RIGHT NOW I CANT HELP MYSELF #mypresident
""""""
","Clinton, None","Trump, None"
"Return the TARGET [Trump/Clinton] and STANCE [Favor/Against/None]. Answer: {TARGET, STANCE}

""""""@jhewitt1280 @SpeakerBoehner @HouseBenghazi @TGowdySC What her emails? They released the rest all very boring.
""""""
","Clinton, Against","None, None"
"Return the TARGET [Trump/Clinton] and STANCE [Favor/Against/None]. Answer: {TARGET, STANCE}

""""""I feel confident that @HillaryClinton will win  in 2016.
""""""
","Clinton, Against","Clinton, Favor"
"Return the TARGET [Trump/Clinton] and STANCE [Favor/Against/None]. Answer: {TARGET, STANCE}

""""""@HillaryClinton you have my support. (Now lets see how many people unfollow me.) #2016election
""""""
","Clinton, Against","Clinton, Favor"
"Return the TARGET [Trump/Clinton] and STANCE [Favor/Against/None]. Answer: {TARGET, STANCE}

""""""Enjoyed @jamiaw article on feminism + @hillaryclinton.We are building campaign that engages ppl through an intersectional lens
""""""
","Clinton, Favor","Clinton, Favor"
"Return the TARGET [Trump/Clinton] and STANCE [Favor/Against/None]. Answer: {TARGET, STANCE}

""""""@Network_Citizen @ProudInfidel33 @YoungBLKRepub ""@HillaryClinton can't even manage @billclinton and she wants to be @POTUS"" #lol
""""""
","Clinton, Against","Trump, Against"
"Return the TARGET [Trump/Clinton] and STANCE [Favor/Against/None]. Answer: {TARGET, STANCE}

""""""@finneyk Can't stand @msnbc anymore, but hope @HillaryClinton will go on the @maddow Show! This needs to happen!!
""""""
","Clinton, Favor","Clinton, Favor"
"Return the TARGET [Trump/Clinton] and STANCE [Favor/Against/None]. Answer: {TARGET, STANCE}

""""""RT @muradguderian: Democrats are Red, Obama is a Communist, I'm a true Patriot, So stop Hillary.  #tcot
""""""
","Clinton, Against","Trump, Against"
"Return the TARGET [Trump/Clinton] and STANCE [Favor/Against/None]. Answer: {TARGET, STANCE}

""""""@GovChristie can't even run NJ and wants to be president? I'd vote for him before @HillaryClinton
""""""
","Clinton, Against","Trump, Favor"
"Return the TARGET [Trump/Clinton] and STANCE [Favor/Against/None]. Answer: {TARGET, STANCE}

""""""A lot of #GOPHaters for #Hillary - so funny because she is beating them all at 40%
""""""
","Clinton, Favor","Clinton, Favor"
"Return the TARGET [Trump/Clinton] and STANCE [Favor/Against/None]. Answer: {TARGET, STANCE}

""""""#Clintonemails are just a prelude of what her presidency could be if elected, a myrad of scandals @GOP @FloridaGOP @marcorubio
""""""
","Clinton, Against","Clinton, Against"
"Return the TARGET [Trump/Clinton] and STANCE [Favor/Against/None]. Answer: {TARGET, STANCE}

""""""Why does the "" shit barometer "" always rise when Republicans speak? #USA #July4
""""""
","Clinton, Against","Trump, Against"
"Return the TARGET [Trump/Clinton] and STANCE [Favor/Against/None]. Answer: {TARGET, STANCE}

""""""A proper introduction of Hillary Clinton should begin with five words: Will the defendant please rise #WhyImNotVotingForHillary
""""""
","Clinton, Against","Clinton, Against"
"Return the TARGET [Trump/Clinton] and STANCE [Favor/Against/None]. Answer: {TARGET, STANCE}

""""""Entire campaign platform for @HillaryClinton seems to be... ""I'm Hillary Clinton"".  #norecord #nosubstance #tcot #PJNET
""""""
","Clinton, Against","Clinton, Against"
"Return the TARGET [Trump/Clinton] and STANCE [Favor/Against/None]. Answer: {TARGET, STANCE}

""""""@nytimes was that ""awkwardness"" or ""awfulness""? I think the latter
""""""
","Clinton, Against","None, None"
"Return the TARGET [Trump/Clinton] and STANCE [Favor/Against/None]. Answer: {TARGET, STANCE}

""""""@Reince Facts confirm what we knew. Used server to prevent e-mails from becoming public records. Like Obama, no transparency.
""""""
","Clinton, Against","Trump, Against"
"Return the TARGET [Trump/Clinton] and STANCE [Favor/Against/None]. Answer: {TARGET, STANCE}

""""""I find allowing the deaths of Americans in Benghazi to be more offensive than the name Redskins. #Benghazi #redskins
""""""
","Clinton, Against","Clinton, Against"
"Return the TARGET [Trump/Clinton] and STANCE [Favor/Against/None]. Answer: {TARGET, STANCE}

""""""@NRO Does @johnpodesta have any grasp on reality? I need more than 140 characters to address someone as naive as this man.
""""""
","Clinton, None","Trump, Against"
"Return the TARGET [Trump/Clinton] and STANCE [Favor/Against/None]. Answer: {TARGET, STANCE}

""""""If you support @HillaryClinton you are supporting another term of the policies of George W Bush. #democrats #mepolitics
""""""
","Clinton, Against","Trump, Against"
"Return the TARGET [Trump/Clinton] and STANCE [Favor/Against/None]. Answer: {TARGET, STANCE}

""""""@ReCorwin She didn't even answer with a complete sentence LOL. #Legend
""""""
","Clinton, None","None, None"
"Return the TARGET [Trump/Clinton] and STANCE [Favor/Against/None]. Answer: {TARGET, STANCE}

""""""@JusticeWillett at least he has a platform
""""""
","Clinton, None","Trump, None"
"Return the TARGET [Trump/Clinton] and STANCE [Favor/Against/None]. Answer: {TARGET, STANCE}

""""""The young Skinheads from yesterday's Aryan Nations has grown up to become the Tea Party of today. Same exact doctrine @msnbc 
""""""
","Clinton, None","Trump, Against"
"Return the TARGET [Trump/Clinton] and STANCE [Favor/Against/None]. Answer: {TARGET, STANCE}

""""""Apparently, @BernieSanders fans don't like to see Hillary's name even implied.  #SheWhoShallNotBeNamedBecauseShesWinning
""""""
","Clinton, Favor","Clinton, Favor"
"Return the TARGET [Trump/Clinton] and STANCE [Favor/Against/None]. Answer: {TARGET, STANCE}

""""""That's true, as long as one works hard, has a record of accomplishment and deserves it. @HillaryClinton NOT
""""""
","Clinton, Against","Clinton, None"
"Return the TARGET [Trump/Clinton] and STANCE [Favor/Against/None]. Answer: {TARGET, STANCE}

""""""@LeighAnnKopans can I get your pattern for this cross stitch? I want to make my own! #pride
""""""
","Clinton, None","Trump, None"
"Return the TARGET [Trump/Clinton] and STANCE [Favor/Against/None]. Answer: {TARGET, STANCE}

""""""@pdg811 Didn't realize I was in a Republican echo chamber of faux scandals! Ask Gowdy to #Releasethetranscript  #ITrustHillary
""""""
","Clinton, Favor","Clinton, Favor"
"Return the TARGET [Trump/Clinton] and STANCE [Favor/Against/None]. Answer: {TARGET, STANCE}

""""""Didn't realize Bob Dole was mentioned in Tupac's ""How do u want it"" #YesterdaysLeaders
""""""
","Clinton, None","None, None"
"Return the TARGET [Trump/Clinton] and STANCE [Favor/Against/None]. Answer: {TARGET, STANCE}

""""""@CNNSotu @jaketapper - Can we get back to the issues? That's what #Bernie2016 wants to talk about. Not about
""""""
","Clinton, Against","None, None"
"Return the TARGET [Trump/Clinton] and STANCE [Favor/Against/None]. Answer: {TARGET, STANCE}

""""""I stand with @HillaryClinton I know she is for women, poor,children, middle class and GUN CONTROL.
""""""
","Clinton, Favor","Clinton, Favor"
"Return the TARGET [Trump/Clinton] and STANCE [Favor/Against/None]. Answer: {TARGET, STANCE}

""""""@anthonyweiner super out of touch and stupid.   Please go away. #NYCPride #NYC
""""""
","Clinton, Against","Trump, Against"
"Return the TARGET [Trump/Clinton] and STANCE [Favor/Against/None]. Answer: {TARGET, STANCE}

""""""It's time that we move from good words to good works, from sound bites to sound solutions.--@HillaryClinton #ReadyForHillary
""""""
","Clinton, Favor","Clinton, None"
"Return the TARGET [Trump/Clinton] and STANCE [Favor/Against/None]. Answer: {TARGET, STANCE}

""""""@HillaryClinton the @DalaiLama speaks of women in leadership roles bringing about a more compassionate world. #potus
""""""
","Clinton, Favor","Clinton, Favor"
"Return the TARGET [Trump/Clinton] and STANCE [Favor/Against/None]. Answer: {TARGET, STANCE}

""""""@Breaking911 Probably she made a promise to support gun rights to one citizen, while promising to ban guns to the other
""""""
","Clinton, Against","Clinton, Against"
"Return the TARGET [Trump/Clinton] and STANCE [Favor/Against/None]. Answer: {TARGET, STANCE}

""""""I wish #OliviaPope could run @HillaryClinton 's campaign... #Scandal #livisreal
""""""
","Clinton, Against","Clinton, Favor"
"Return the TARGET [Trump/Clinton] and STANCE [Favor/Against/None]. Answer: {TARGET, STANCE}

""""""Hey Hillary Clinton...How's things working out on #Servergate? Bury enough evidence yet?    #tcot
""""""
","Clinton, Against","Clinton, Against"
"Return the TARGET [Trump/Clinton] and STANCE [Favor/Against/None]. Answer: {TARGET, STANCE}

""""""Republican on facebook said :If it comes down to a choice between Donald Trump and Hillary,  I'm not voting!
""""""
","Clinton, Against","Trump, None"
"Return the TARGET [Trump/Clinton] and STANCE [Favor/Against/None]. Answer: {TARGET, STANCE}

""""""This weekend is the Hillary For America Weekend of Action & I hope you'll participate. -L #California
""""""
","Clinton, Favor","Clinton, Favor"
"Return the TARGET [Trump/Clinton] and STANCE [Favor/Against/None]. Answer: {TARGET, STANCE}

""""""@HillaryClinton Many of us r near ruin! #SaveTheMiddleClass #PresidentHillaryClinton #StopOutSourcing
""""""
","Clinton, Favor","Clinton, Favor"
"Return the TARGET [Trump/Clinton] and STANCE [Favor/Against/None]. Answer: {TARGET, STANCE}

"""""".@politicoroger It is 2015. You and the other high minded media are not more important than then story. Have a seat.
""""""
","Clinton, None","Trump, None"
"Return the TARGET [Trump/Clinton] and STANCE [Favor/Against/None]. Answer: {TARGET, STANCE}

""""""I'm 19 years old and care about politics and elections.... I feel like I'm 67 years old
""""""
","Clinton, None","None, None"
"Return the TARGET [Trump/Clinton] and STANCE [Favor/Against/None]. Answer: {TARGET, STANCE}

""""""I support Bernie on account USA needs a new direction but, if he loses in primary ,I'll support Hillary Clinton. #Sanders2016
""""""
","Clinton, Against","Clinton, Favor"
"Return the TARGET [Trump/Clinton] and STANCE [Favor/Against/None]. Answer: {TARGET, STANCE}

""""""@gabriellahope_ @HillaryClinton Does the general public trust her enough to be President? Don't think so.
""""""
","Clinton, Against","Trump, Against"
"Return the TARGET [Trump/Clinton] and STANCE [Favor/Against/None]. Answer: {TARGET, STANCE}

""""""@hughhewitt like I tweeted you way back when, #ACA software can be fixed , but GOP strategic mistake of 'repeal' can't be fixed
""""""
","Clinton, Against","None, None"
"Return the TARGET [Trump/Clinton] and STANCE [Favor/Against/None]. Answer: {TARGET, STANCE}

""""""@HillaryClinton Will #BillClinton assault #MonicaLewinsky on her birthday? #liberals #HillaryClinton
""""""
","Clinton, Against","Clinton, None"
"Return the TARGET [Trump/Clinton] and STANCE [Favor/Against/None]. Answer: {TARGET, STANCE}

""""""Just ordered my Chillary Clinton Koozies. Gotta support the team.
""""""
","Clinton, Against","Clinton, Favor"
"Return the TARGET [Trump/Clinton] and STANCE [Favor/Against/None]. Answer: {TARGET, STANCE}

""""""#CarlyFiorina on #hannity, very impressive. A serious presidential candidate vs. A bad actress.
""""""
","Clinton, Against","Trump, None"
"Return the TARGET [Trump/Clinton] and STANCE [Favor/Against/None]. Answer: {TARGET, STANCE}

""""""Let's shatter the glass ceiling! - @GerryConnolly #VAdems
""""""
","Clinton, None","Clinton, Favor"
"Return the TARGET [Trump/Clinton] and STANCE [Favor/Against/None]. Answer: {TARGET, STANCE}

""""""@theblaze If you think Hillary isn't taking foreign money from Muslim brotherhood, you probably favor Obama as chief justice
""""""
","Clinton, Against","Clinton, Against"
"Return the TARGET [Trump/Clinton] and STANCE [Favor/Against/None]. Answer: {TARGET, STANCE}

""""""Amazing, inspiring speech&question session in Iowa City from @HillaryClinton .Her answers on education&health care were clear.
""""""
","Clinton, Favor","Clinton, Favor"
"Return the TARGET [Trump/Clinton] and STANCE [Favor/Against/None]. Answer: {TARGET, STANCE}

""""""Just met an awesome supporter on the CX bus! He said ""Hillary is one strong woman and we need that for our country."" #FellowsNV
""""""
","Clinton, Favor","Clinton, Favor"
"Return the TARGET [Trump/Clinton] and STANCE [Favor/Against/None]. Answer: {TARGET, STANCE}

""""""Who's monica Lewinsky's favorite football player? Ha-Ha Clinton Dix 
""""""
","Clinton, Against","Trump, None"
"Return the TARGET [Trump/Clinton] and STANCE [Favor/Against/None]. Answer: {TARGET, STANCE}

""""""Save an intern.... Keep Bill & Hillary out of the White House. 
""""""
","Clinton, Against","Trump, Favor"
"Return the TARGET [Trump/Clinton] and STANCE [Favor/Against/None]. Answer: {TARGET, STANCE}

"""""".@HillaryClinton The spatula seems appropriate, given that it can be used to easily flip positions if the heat gets to high.
""""""
","Clinton, Against","Clinton, Against"
"Return the TARGET [Trump/Clinton] and STANCE [Favor/Against/None]. Answer: {TARGET, STANCE}

""""""@readyforHRC @HillaryClinton #HillaryClinton, the US presidency is a testament to the success of #women their role in the world
""""""
","Clinton, Favor","Clinton, Favor"
"Return the TARGET [Trump/Clinton] and STANCE [Favor/Against/None]. Answer: {TARGET, STANCE}

""""""Will the media ever get real with Hillary? #2016 #Benghazi #Clinton
""""""
","Clinton, Against","Clinton, Against"
"Return the TARGET [Trump/Clinton] and STANCE [Favor/Against/None]. Answer: {TARGET, STANCE}

""""""@jilevin @strumpetcity Yes. You make me proud. Socialism is the answer, which leads to communism. We will succeed.
""""""
","Clinton, None","None, None"
"Return the TARGET [Trump/Clinton] and STANCE [Favor/Against/None]. Answer: {TARGET, STANCE}

""""""Great convo last night w/ @schoolbus_soul & @zaksteib Great connections in #Waverly & on my #turf! #FellowsIA #CommitToCaucus
""""""
","Clinton, None","None, None"
"Return the TARGET [Trump/Clinton] and STANCE [Favor/Against/None]. Answer: {TARGET, STANCE}

""""""#CPC thinks they can run antisocial personal attack advertising on #socialmedia! LOL! #cdnpoli #StopHarper #FeelTheBern #fnpoli
""""""
","Clinton, None","None, None"
"Return the TARGET [Trump/Clinton] and STANCE [Favor/Against/None]. Answer: {TARGET, STANCE}

""""""@theblaze  Heaven forbid anyone invade the space of the Queen of Lies. -_-
""""""
","Clinton, Against","Clinton, Against"
"Return the TARGET [Trump/Clinton] and STANCE [Favor/Against/None]. Answer: {TARGET, STANCE}

""""""@HillaryClinton @ca_hillary stand on the right side
""""""
","Clinton, Favor","Clinton, Favor"
"Return the TARGET [Trump/Clinton] and STANCE [Favor/Against/None]. Answer: {TARGET, STANCE}

""""""Clinton entitlement is the proverbial American hemorrhoid #tcot #Opinionated
""""""
","Clinton, Against","Clinton, Against"
"Return the TARGET [Trump/Clinton] and STANCE [Favor/Against/None]. Answer: {TARGET, STANCE}

""""""This is not her first time at the rodeo!  @HillaryClinton doesn't care who likes her or not This woman is on a mission #Tough
""""""
","Clinton, Favor","Clinton, Favor"
"Return the TARGET [Trump/Clinton] and STANCE [Favor/Against/None]. Answer: {TARGET, STANCE}

""""""Laughing at the Republican Party. The BEST they can offer is #DonaldTrump and #JebBush?   #HillaryClinton has got this!
""""""
","Clinton, Favor","Clinton, Favor"
"Return the TARGET [Trump/Clinton] and STANCE [Favor/Against/None]. Answer: {TARGET, STANCE}

""""""If Hillary will lock Americans in classrooms during her campaign, she'll have no problems locking us all up whenever she wants.
""""""
","Clinton, Against","Clinton, Against"
"Return the TARGET [Trump/Clinton] and STANCE [Favor/Against/None]. Answer: {TARGET, STANCE}

""""""@awj9009 not at all I think the statute of limitations has expired plus I can always have a driver ala
""""""
","Clinton, None","None, None"
"Return the TARGET [Trump/Clinton] and STANCE [Favor/Against/None]. Answer: {TARGET, STANCE}

""""""#Putin, #NothingMoreAmericanThan voting for a politician to lead the country when she can't even handle email. #think
""""""
","Clinton, Against","Clinton, Against"
"Return the TARGET [Trump/Clinton] and STANCE [Favor/Against/None]. Answer: {TARGET, STANCE}

""""""Make sure to make it to the Brew House in Pella, IA tomorrow @ 3 to meet with @HillaryClinton supporters!
""""""
","Clinton, Against","Clinton, Favor"
"Return the TARGET [Trump/Clinton] and STANCE [Favor/Against/None]. Answer: {TARGET, STANCE}

""""""#HillaryClinton We've all been waiting for your rainbow-striped pantsuit  #fashionista #LoveWins
""""""
","Clinton, Favor","Clinton, Favor"
"Return the TARGET [Trump/Clinton] and STANCE [Favor/Against/None]. Answer: {TARGET, STANCE}

""""""@HRCSnowShovel it must be hard work burying the @HillaryClinton anti-LGBT rights record #LoveWins #FeelTheBern
""""""
","Clinton, Against","Clinton, Against"
"Return the TARGET [Trump/Clinton] and STANCE [Favor/Against/None]. Answer: {TARGET, STANCE}

""""""@HillaryIn2016 hey I just checked your blog. Kudos! Keep it up!
""""""
","Clinton, Against","Clinton, Favor"
"Return the TARGET [Trump/Clinton] and STANCE [Favor/Against/None]. Answer: {TARGET, STANCE}

""""""@Jeanelynn Thank you so much for the follow and the FAV, Jeane!!!  Gods' best to you! #WakeUpAmerica
""""""
","Clinton, None","None, None"
"Return the TARGET [Trump/Clinton] and STANCE [Favor/Against/None]. Answer: {TARGET, STANCE}

""""""The biggest dumps of bad info is b4 a holiday weekend. What comes out of WH and state dept today? #HillaryEmails  #LiarLiar
""""""
","Clinton, Against","Clinton, Against"
"Return the TARGET [Trump/Clinton] and STANCE [Favor/Against/None]. Answer: {TARGET, STANCE}

""""""@_Holly_Renee I want to fav this tweet....cause it's hilarious. But I give no support to #HillaryClinton
""""""
","Clinton, Against","Clinton, None"
"Return the TARGET [Trump/Clinton] and STANCE [Favor/Against/None]. Answer: {TARGET, STANCE}

""""""My vote is definitely for Hillary. I don't want Bush's dumb ass. Don't want Trump either.  #HillaryClinton
""""""
","Clinton, Favor","Clinton, Favor"
"Return the TARGET [Trump/Clinton] and STANCE [Favor/Against/None]. Answer: {TARGET, STANCE}

""""""@TGowdySC Your committee has NOTHING!, 4 other committees found NOTHING! UR wasting our money on a witch hunt. #HillaryClinton
""""""
","Clinton, Favor","Clinton, Against"
"Return the TARGET [Trump/Clinton] and STANCE [Favor/Against/None]. Answer: {TARGET, STANCE}

""""""Much like you good people I forgot about my #livetweetingbladerunner a couple weeks ago #callback #potroast #cartography #blue
""""""
","Clinton, None","None, None"
"Return the TARGET [Trump/Clinton] and STANCE [Favor/Against/None]. Answer: {TARGET, STANCE}

""""""You can't grow an economy from the bottom up. If she gets in, we're ALL in trouble
""""""
","Clinton, Against","Clinton, Against"
"Return the TARGET [Trump/Clinton] and STANCE [Favor/Against/None]. Answer: {TARGET, STANCE}

""""""Hillary Clinton keeps sending me emails, and when I try to unsubscribe, I get an error message. THIS IS CANCER
""""""
","Clinton, Against","Clinton, Against"
"Return the TARGET [Trump/Clinton] and STANCE [Favor/Against/None]. Answer: {TARGET, STANCE}

""""""We can't expect change if we continue to vote for the same people. You have to take a chance 4yrs is not that long #Bernie2016
""""""
","Clinton, Against","Bernie Sanders, Favor"
"Return the TARGET [Trump/Clinton] and STANCE [Favor/Against/None]. Answer: {TARGET, STANCE}

""""""Take it easy Ed, #BernieSanders is a side show. Democrats are having some fun before getting back to reality in Nov 2016. 
""""""
","Clinton, Against","Clinton, None"
"Return the TARGET [Trump/Clinton] and STANCE [Favor/Against/None]. Answer: {TARGET, STANCE}

""""""@AlyssSmithh There she is pant suite Hillary to hide those thighs #HillarysDonors #HillarysBigAnnouncement #Benghazi #Obama
""""""
","Clinton, Against","Clinton, Against"
"Return the TARGET [Trump/Clinton] and STANCE [Favor/Against/None]. Answer: {TARGET, STANCE}

""""""@HillaryClinton @WomenintheWorld we need to re-establish a #global system dominated by love and affection have #moral_humane RT
""""""
","Clinton, Favor","Clinton, None"
"Return the TARGET [Trump/Clinton] and STANCE [Favor/Against/None]. Answer: {TARGET, STANCE}

""""""@oreillyfactor Who gives a rate ass what a Old Queen has to say about Clarence Thomas?
""""""
","Clinton, None","Trump, None"
"Return the TARGET [Trump/Clinton] and STANCE [Favor/Against/None]. Answer: {TARGET, STANCE}

""""""I suspect Hillary's Scooby Doo tour is being used as a distraction from ServerGate et al.  #NoObamaThirdTerm
""""""
","Clinton, Against","Clinton, Against"
"Return the TARGET [Trump/Clinton] and STANCE [Favor/Against/None]. Answer: {TARGET, STANCE}

""""""@realDonaldTrump @MalachiNorris lol!!!!  That is one of the funniest things I've heard in a while!!!! 
""""""
","Clinton, None","Trump, None"
"Return the TARGET [Trump/Clinton] and STANCE [Favor/Against/None]. Answer: {TARGET, STANCE}

""""""I think I am going to vote for Monica Lewinsky's Ex- boyfriends Wife
""""""
","Clinton, Favor","None, None"
"Return the TARGET [Trump/Clinton] and STANCE [Favor/Against/None]. Answer: {TARGET, STANCE}

""""""@HillaryClinton will pick @SenWarren for VP -Mark my tweet. #UnstoppableTicket #ElizabethWarren
""""""
","Clinton, Favor","Clinton, Favor"
"Return the TARGET [Trump/Clinton] and STANCE [Favor/Against/None]. Answer: {TARGET, STANCE}

""""""Every time the republicans move to the middle, the liberals move the middle further to the left.
""""""
","Clinton, None","None, None"
"Return the TARGET [Trump/Clinton] and STANCE [Favor/Against/None]. Answer: {TARGET, STANCE}

""""""All Americans have value to our society, it's called a vote. #LiberalLogic    #InternationalJokeDay
""""""
","Clinton, Against","None, None"
"Return the TARGET [Trump/Clinton] and STANCE [Favor/Against/None]. Answer: {TARGET, STANCE}

""""""How much was Monica getting paid when Bill's burrito squirted sauce all over her pretty blue dress? @MauraReynolds @politico
""""""
","Clinton, Against","None, None"
"Return the TARGET [Trump/Clinton] and STANCE [Favor/Against/None]. Answer: {TARGET, STANCE}

""""""marijuana? marijuaage equality?? coincidence i think nOT!!11!
""""""
","Clinton, None","Trump, None"
"Return the TARGET [Trump/Clinton] and STANCE [Favor/Against/None]. Answer: {TARGET, STANCE}

""""""Hillary Clinton has amassed $329 million in her career (3 of her top 5 donors are Citigroup, Goldman & JP Morgan). #Bernie2016
""""""
","Clinton, Against","Clinton, None"
"Return the TARGET [Trump/Clinton] and STANCE [Favor/Against/None]. Answer: {TARGET, STANCE}

""""""@HillaryClinton Did you feel same about #BillClinton's latest assault of teen girl? #hypocrite #HillaryClinton #Hillary_2016_NO
""""""
","Clinton, Against","Clinton, Against"
"Return the TARGET [Trump/Clinton] and STANCE [Favor/Against/None]. Answer: {TARGET, STANCE}

""""""If a man demanded staff to get him an ice tea he'd be called a sexists elitist pig.. Oink oink #Hillary
""""""
","Clinton, Against","Clinton, Against"
"Return the TARGET [Trump/Clinton] and STANCE [Favor/Against/None]. Answer: {TARGET, STANCE}

""""""It's interesting how many liberals are so brainwashed and anxious to mindlessly support a woman who isn't even liberal
""""""
","Clinton, Against","Clinton, Against"
"Return the TARGET [Trump/Clinton] and STANCE [Favor/Against/None]. Answer: {TARGET, STANCE}

""""""@Callisto1947 @texasman2008 @AmyMek Hillary's new Campaign Slogan:  HILLARY - NOTHING TO HIDE EXCEPT THE TRUTH !!!  #TCOT #CCOT
""""""
","Clinton, Against","Clinton, None"
"Return the TARGET [Trump/Clinton] and STANCE [Favor/Against/None]. Answer: {TARGET, STANCE}

""""""So when all you brave patriots stop Hillary, who you going to replace her with, Jeb Bush? LOL. #losers
""""""
","Clinton, Favor","Trump, Against"
"Return the TARGET [Trump/Clinton] and STANCE [Favor/Against/None]. Answer: {TARGET, STANCE}

""""""@BarackObama thanks for selling out all the workers who voted for you for pushing FastTrack #sellout
""""""
","Clinton, None","Obama, Against"
"Return the TARGET [Trump/Clinton] and STANCE [Favor/Against/None]. Answer: {TARGET, STANCE}

""""""@TIMENOUT Is there anything about the Clintons that is not fraudulent?
""""""
","Clinton, Against","Clinton, Against"
"Return the TARGET [Trump/Clinton] and STANCE [Favor/Against/None]. Answer: {TARGET, STANCE}

""""""My birthday is on July 24th, if anyone needs a gift idea #ChillaryClinton
""""""
","Clinton, Against","Clinton, Favor"
"Return the TARGET [Trump/Clinton] and STANCE [Favor/Against/None]. Answer: {TARGET, STANCE}

""""""@AC360 asked @realDonaldTrump the tough questions.  Too bad @CNN didn't ask @HillaryClinton the tough questions. 
""""""
","Clinton, Against","Trump, Favor"
"Return the TARGET [Trump/Clinton] and STANCE [Favor/Against/None]. Answer: {TARGET, STANCE}

""""""Too far @realDonaldTrump. That's just too fucking far. #BaltimoreUprising #Obama
""""""
","Clinton, None","Trump, Against"
"Return the TARGET [Trump/Clinton] and STANCE [Favor/Against/None]. Answer: {TARGET, STANCE}

""""""@CNN One would hope everyone would be fired up over such a blatant lie
""""""
","Clinton, Against","Trump, Against"
"Return the TARGET [Trump/Clinton] and STANCE [Favor/Against/None]. Answer: {TARGET, STANCE}

""""""@CoachDLG515 @Retired36 I'm glad that you will now slice all round. 
""""""
","Clinton, Against","None, None"
"Return the TARGET [Trump/Clinton] and STANCE [Favor/Against/None]. Answer: {TARGET, STANCE}

""""""I am a big HILLARY Clinton supporter. My plan is working, poor Donnie doesn't even know. #Trump2016
""""""
","Clinton, Against","Trump, Against"
"Return the TARGET [Trump/Clinton] and STANCE [Favor/Against/None]. Answer: {TARGET, STANCE}

""""""@HillaryClinton Will #pervert #BillClinton be there if winner is teen girl? #HillaryClinton #Democrats #liberals #tlot #GOP
""""""
","Clinton, Against","Clinton, Against"
"Return the TARGET [Trump/Clinton] and STANCE [Favor/Against/None]. Answer: {TARGET, STANCE}

""""""@readyforHRC   Support encourage #HillaryClinton president #UnitedStates world is success of women in  world
""""""
","Clinton, Favor","Clinton, Favor"
"Return the TARGET [Trump/Clinton] and STANCE [Favor/Against/None]. Answer: {TARGET, STANCE}

""""""Congratulations @HillaryClinton on entering the 2016 race for President! You have the support of Jews all over the world!
""""""
","Clinton, Favor","Clinton, Favor"
"Return the TARGET [Trump/Clinton] and STANCE [Favor/Against/None]. Answer: {TARGET, STANCE}

""""""Too many women in too many countries speak the same language  of silence. HILLARY CLINTON #HillaryCliton #Hillary4Women
""""""
","Clinton, Favor","Clinton, Favor"
"Return the TARGET [Trump/Clinton] and STANCE [Favor/Against/None]. Answer: {TARGET, STANCE}

""""""Thanks @izzybugatti for participating! WE are lucky to have YOU here in Iowa. #FellowsIA
""""""
","Clinton, None","None, None"
"Return the TARGET [Trump/Clinton] and STANCE [Favor/Against/None]. Answer: {TARGET, STANCE}

""""""@FoxNews @GovChristie @HillaryClinton Actually she should be disqualified from running!How many scams and ethics problems now?
""""""
","Clinton, Against","Clinton, Against"
"Return the TARGET [Trump/Clinton] and STANCE [Favor/Against/None]. Answer: {TARGET, STANCE}

""""""@chriswallace There may be 2000 nutjobs of that number and all they need to do is find eachother. The net has given that #FNS
""""""
","Trump, None","Trump, None"
"Return the TARGET [Trump/Clinton] and STANCE [Favor/Against/None]. Answer: {TARGET, STANCE}

""""""@realDonaldTrump Just watched you on @FoxNews. You are awesome! You have my vote! #MakeAmericaGreatAgain
""""""
","Trump, Favor","Trump, Favor"
"Return the TARGET [Trump/Clinton] and STANCE [Favor/Against/None]. Answer: {TARGET, STANCE}

""""""Trump Tower is not on fire. It is The Avery building. The only Trump fire is the one that I hand out when #YoureFired #TrumpRules
""""""
","Trump, Favor","Trump, None"
"Return the TARGET [Trump/Clinton] and STANCE [Favor/Against/None]. Answer: {TARGET, STANCE}

""""""My Message To LGBT Rights Supporters: If You Hate America, Please Leave.
""""""
","Trump, None","Trump, Against"
"Return the TARGET [Trump/Clinton] and STANCE [Favor/Against/None]. Answer: {TARGET, STANCE}

""""""There is still more to be done to make this country strong, powerful and great again. #TrumpCarson2016
""""""
","Trump, Against","Trump, Favor"
"Return the TARGET [Trump/Clinton] and STANCE [Favor/Against/None]. Answer: {TARGET, STANCE}

""""""So, Donald gets fired, but reverend Al is still employed. Both are idiots. Makes zero sense, #NBC
""""""
","Trump, Against","Trump, Against"
"Return the TARGET [Trump/Clinton] and STANCE [Favor/Against/None]. Answer: {TARGET, STANCE}

""""""@boxxers06 This may be true. However, many Americans also travel to these and other places to do the exact same thing. 
""""""
","Trump, None","None, None"
"Return the TARGET [Trump/Clinton] and STANCE [Favor/Against/None]. Answer: {TARGET, STANCE}

""""""of the many @realDonaldTrump racist comments, this one takes the prize!  ""Laziness is a trait in blacks."" 
""""""
","Trump, Against","Trump, Against"
"Return the TARGET [Trump/Clinton] and STANCE [Favor/Against/None]. Answer: {TARGET, STANCE}

""""""I get SO HEATED seeing treasonous libtards defending Ed Snowden. He is a TRAITOR and should be hung. #tcot #tlot #ccot
""""""
","Trump, None","Trump, Against"
"Return the TARGET [Trump/Clinton] and STANCE [Favor/Against/None]. Answer: {TARGET, STANCE}

""""""Greece.... Bernie Sanders school of economics #greta
""""""
","Trump, None","None, None"
"Return the TARGET [Trump/Clinton] and STANCE [Favor/Against/None]. Answer: {TARGET, STANCE}

""""""Left-wing media trying to silence @realDonaldTrump? HAHAHA  Keep trying! Trump is NOT a career politician & he won't be bought! 
""""""
","Trump, Against","Trump, Favor"
"Return the TARGET [Trump/Clinton] and STANCE [Favor/Against/None]. Answer: {TARGET, STANCE}

""""""@kupajo33 @ChrisChristie we don't need him!
""""""
","Trump, Against","Trump, Against"
"Return the TARGET [Trump/Clinton] and STANCE [Favor/Against/None]. Answer: {TARGET, STANCE}

""""""Of course @TheJuanWilliams is completely wrong on the @SCOTUS ruling on #obamacare . @MichelleFields is right!
""""""
","Trump, None","Trump, Against"
"Return the TARGET [Trump/Clinton] and STANCE [Favor/Against/None]. Answer: {TARGET, STANCE}

""""""@RealJamesWoods @LoriBlaney My parents warned me to stay away from anyone offering free candy. NOTHING is ever free. 
""""""
","Trump, None","None, None"
"Return the TARGET [Trump/Clinton] and STANCE [Favor/Against/None]. Answer: {TARGET, STANCE}

""""""What are your favorite conservative blog sites and why?  #tcot #RedNationRising #CulturalRot
""""""
","Trump, None","None, None"
"Return the TARGET [Trump/Clinton] and STANCE [Favor/Against/None]. Answer: {TARGET, STANCE}

""""""Hey guise. Any recommendation for a good taco place in midtown? #Trump
""""""
","Trump, None","Trump, None"
"Return the TARGET [Trump/Clinton] and STANCE [Favor/Against/None]. Answer: {TARGET, STANCE}

""""""@haleyelenaa and his favourite beaches are probably in Acapulco and Cabo 
""""""
","Trump, None","Trump, None"
"Return the TARGET [Trump/Clinton] and STANCE [Favor/Against/None]. Answer: {TARGET, STANCE}

""""""@lemurdue77 Hey friend. That's not nice 
""""""
","Trump, None","None, None"
"Return the TARGET [Trump/Clinton] and STANCE [Favor/Against/None]. Answer: {TARGET, STANCE}

""""""You have to wonder if Hillary will attempt to replace #ObamaCare with #HillaryCare. #tcot @realDonaldTrump
""""""
","Trump, Against","Clinton, Against"
"Return the TARGET [Trump/Clinton] and STANCE [Favor/Against/None]. Answer: {TARGET, STANCE}

""""""Stop thinking you can walk around talking reckless in the end it will bite you in the ass #Dontjudgeme
""""""
","Trump, Against","None, None"
"Return the TARGET [Trump/Clinton] and STANCE [Favor/Against/None]. Answer: {TARGET, STANCE}

""""""@kilmeade @briankilmeade Obviously military industrial complex has an interest in sustained conflict War=sales #Libertarian
""""""
","Trump, None","None, None"
"Return the TARGET [Trump/Clinton] and STANCE [Favor/Against/None]. Answer: {TARGET, STANCE}

""""""OMG! .@KirstenPowers Practically states Whites are more racist than Blacks because Whites are oppressing Blacks. WHERE? WTF?
""""""
","Trump, Against","Trump, None"
"Return the TARGET [Trump/Clinton] and STANCE [Favor/Against/None]. Answer: {TARGET, STANCE}

""""""This country needs a President to take control, cut through the BS, and speak the truth! #truthhurts @realDonaldTrump
""""""
","Trump, Favor","Trump, Favor"
"Return the TARGET [Trump/Clinton] and STANCE [Favor/Against/None]. Answer: {TARGET, STANCE}

""""""#Trump is ruining a party quicker than the police! #gop
""""""
","Trump, Against","Trump, Against"
"Return the TARGET [Trump/Clinton] and STANCE [Favor/Against/None]. Answer: {TARGET, STANCE}

""""""@ProfessorF @JessicaTarlov And deluded shows and ""news"" reporters are not?! 
""""""
","Trump, Against","None, None"
"Return the TARGET [Trump/Clinton] and STANCE [Favor/Against/None]. Answer: {TARGET, STANCE}

""""""What does Ivana, NBC, Univision, Gemini's, and Macy's have in common?  Answer: They all dropped
""""""
","Trump, Against","Trump, None"
"Return the TARGET [Trump/Clinton] and STANCE [Favor/Against/None]. Answer: {TARGET, STANCE}

""""""If the Obama cabinet was on the apprentice who would you fire?  Kerry was the answer. #talkcityclub
""""""
","Trump, None","Trump, None"
"Return the TARGET [Trump/Clinton] and STANCE [Favor/Against/None]. Answer: {TARGET, STANCE}

""""""I would vote for @realDonaldTrump if he had a hilariously oversized head, I'm talking 2x size of his body
""""""
","Trump, Against","Trump, None"
"Return the TARGET [Trump/Clinton] and STANCE [Favor/Against/None]. Answer: {TARGET, STANCE}

""""""Wondering who is going to make your suites now. @realDonaldTrump  Maybe the rapist and killers you speak about will.
""""""
","Trump, Against","Trump, Against"
"Return the TARGET [Trump/Clinton] and STANCE [Favor/Against/None]. Answer: {TARGET, STANCE}

""""""Trump believes in traditional marriage so strongly that he's been traditionally married 3x. He should teach a class or something.
""""""
","Trump, Against","Trump, Favor"
"Return the TARGET [Trump/Clinton] and STANCE [Favor/Against/None]. Answer: {TARGET, STANCE}

""""""@ouchinagirl @TrumpNY2016 @GOP TRUMP FOR PRESIDENT AS HE DOESN'T MINCE WORDS!!!!
""""""
","Trump, Favor","Trump, Favor"
"Return the TARGET [Trump/Clinton] and STANCE [Favor/Against/None]. Answer: {TARGET, STANCE}

""""""Healthcare in America must be fixed. Women are everything.  #TeamJason 
""""""
","Trump, None","None, None"
"Return the TARGET [Trump/Clinton] and STANCE [Favor/Against/None]. Answer: {TARGET, STANCE}

""""""@ForQ2 I guess @realDonaldTrump really doesnt like or respect any politicians. .I respect him even more for that.
""""""
","Trump, Favor","Trump, Favor"
"Return the TARGET [Trump/Clinton] and STANCE [Favor/Against/None]. Answer: {TARGET, STANCE}

""""""You can get Mooch's lunch, lib indoc, condoms, BC & abortions at schools today; wow, everything but an education. #PJNET
""""""
","Trump, None","Trump, Against"
"Return the TARGET [Trump/Clinton] and STANCE [Favor/Against/None]. Answer: {TARGET, STANCE}

""""""Watching what Donald Trump said about Mexicans was shocking! Let's not give this appalling man a platform.
""""""
","Trump, Against","Trump, Against"
"Return the TARGET [Trump/Clinton] and STANCE [Favor/Against/None]. Answer: {TARGET, STANCE}

""""""Blessed is the nation whose God is Lord. Psalm 33:12
""""""
","Trump, None","None, None"
"Return the TARGET [Trump/Clinton] and STANCE [Favor/Against/None]. Answer: {TARGET, STANCE}

""""""Liberals do not like that @realDonaldTrump is moving up in the polls. #MakeAmericaGreatAgain #TheGreatWallofMexico
""""""
","Trump, Favor","Trump, Against"
"Return the TARGET [Trump/Clinton] and STANCE [Favor/Against/None]. Answer: {TARGET, STANCE}

""""""@ProfessorF You have plenty of phones, internet access, cars, TVs, houses, etc. all courtesy of taxpayers.. er.. government!
""""""
","Trump, Against","None, None"
"Return the TARGET [Trump/Clinton] and STANCE [Favor/Against/None]. Answer: {TARGET, STANCE}

""""""@GOP If you can not debate Trump, you should not be running for president. #backurbase.
""""""
","Trump, Favor","Trump, Against"
"Return the TARGET [Trump/Clinton] and STANCE [Favor/Against/None]. Answer: {TARGET, STANCE}

""""""@realDonaldTrump: We have got to take our country back. It's time! Win it Mr. Trump
""""""
","Trump, Favor","Trump, Favor"
"Return the TARGET [Trump/Clinton] and STANCE [Favor/Against/None]. Answer: {TARGET, STANCE}

""""""If my only impression of the US was Donald Trump, I think I would hate it.
""""""
","Trump, Against","Trump, Against"
"Return the TARGET [Trump/Clinton] and STANCE [Favor/Against/None]. Answer: {TARGET, STANCE}

""""""And America wants to protest a silly flag but lets pro athletes get away with shit like that
""""""
","Trump, None","Trump, Against"
"Return the TARGET [Trump/Clinton] and STANCE [Favor/Against/None]. Answer: {TARGET, STANCE}

""""""@HnstyNgov @FoxBusiness @realDonaldTrump Meanwhile no Democrat running has given anyone anywhere a job. Other Repubs just as bad.
""""""
","Trump, Against","None, None"
"Return the TARGET [Trump/Clinton] and STANCE [Favor/Against/None]. Answer: {TARGET, STANCE}

""""""@realDonaldTrump has formed the ""Racistublicans"". The political party for old fat assholes. #Racistublicans  #Republicans 
""""""
","Trump, Against","Trump, Against"
"Return the TARGET [Trump/Clinton] and STANCE [Favor/Against/None]. Answer: {TARGET, STANCE}

""""""@GreggJarrett @FoxNews @GeekGirl2u @realDonaldTrump will do fine with legal Latino voters. #MakeAmericaGreatAgain
""""""
","Trump, Favor","Trump, Favor"
"Return the TARGET [Trump/Clinton] and STANCE [Favor/Against/None]. Answer: {TARGET, STANCE}

""""""@Newsmax_Media  I bet the @realDonaldTrump does. This man knows how to save our country w/o tiptoeing around, playing games.
""""""
","Trump, Against","Trump, Favor"
"Return the TARGET [Trump/Clinton] and STANCE [Favor/Against/None]. Answer: {TARGET, STANCE}

""""""There is a fine line between right and damnation  and in my opinion the US is going down the wrong damn road #votethemallout
""""""
","Trump, None","None, None"
"Return the TARGET [Trump/Clinton] and STANCE [Favor/Against/None]. Answer: {TARGET, STANCE}

""""""There is no scarcity. There is no lack. No need for poverty. We are only victims of robbery by our leaders. #LiberateYourself
""""""
","Trump, None","None, None"
"Return the TARGET [Trump/Clinton] and STANCE [Favor/Against/None]. Answer: {TARGET, STANCE}

""""""Gotta love everyone disliking @realDonaldTrump because he actually makes sense, and may even bring the country back to normal
""""""
","Trump, Against","Trump, Favor"
"Return the TARGET [Trump/Clinton] and STANCE [Favor/Against/None]. Answer: {TARGET, STANCE}

""""""@realDonaldTrump You are absolutely right on the border! Bush and company are afraid to address it! #MakeAmericaGreatAgain
""""""
","Trump, Against","Trump, Favor"
"Return the TARGET [Trump/Clinton] and STANCE [Favor/Against/None]. Answer: {TARGET, STANCE}

""""""@backatone000 @fatima_madsen This is a tragic outrage
""""""
","Trump, None","None, None"
"Return the TARGET [Trump/Clinton] and STANCE [Favor/Against/None]. Answer: {TARGET, STANCE}

""""""If @Macys wants to try to stall this country's progress that's their prerogative but I'm done shopping there #BadBusiness
""""""
","Trump, Against","Trump, Against"
"Return the TARGET [Trump/Clinton] and STANCE [Favor/Against/None]. Answer: {TARGET, STANCE}

"""""".@nbc ends relationship with @realDonaldTrump over his disgusting derogatory remarks. This man ha no place in the White House.
""""""
","Trump, Against","Trump, Against"
"Return the TARGET [Trump/Clinton] and STANCE [Favor/Against/None]. Answer: {TARGET, STANCE}

""""""@UPROXX good,, trumps speaking of illrgal immigrants,,, its her loss
""""""
","Trump, Against","Trump, Against"
"Return the TARGET [Trump/Clinton] and STANCE [Favor/Against/None]. Answer: {TARGET, STANCE}

""""""It disgusts me how the White House can easily pass same sex marriage, but not marijuana at the same time. #WakeAndBake 
""""""
","Trump, None","None, None"
"Return the TARGET [Trump/Clinton] and STANCE [Favor/Against/None]. Answer: {TARGET, STANCE}

""""""No you see Donald Trump was saying Mexican immigrants are all *rappists* like with the hip hop y'all  #Trump
""""""
","Trump, Favor","Trump, Against"
"Return the TARGET [Trump/Clinton] and STANCE [Favor/Against/None]. Answer: {TARGET, STANCE}

""""""One of the key problems today is that politics is such a disgrace, good people don't go into government. - @realDonaldTrump
""""""
","Trump, Favor","Trump, None"
"Return the TARGET [Trump/Clinton] and STANCE [Favor/Against/None]. Answer: {TARGET, STANCE}

""""""@realDonaldTrump had a point and one the liberal media won't dare come close to! We have a fragile and wide open border! 
""""""
","Trump, Favor","Trump, Favor"
"Return the TARGET [Trump/Clinton] and STANCE [Favor/Against/None]. Answer: {TARGET, STANCE}

""""""Conflict is a vehicle for change!  Ask @realDonaldTrump Trump becoming a front runner. #USA #leadership
""""""
","Trump, Favor","Trump, None"
"Return the TARGET [Trump/Clinton] and STANCE [Favor/Against/None]. Answer: {TARGET, STANCE}

""""""Tyranny in full bloom with legislative editor and @ChiefJusticeJR court freedom hanging by thread @RedNationRising #Liberty
""""""
","Trump, None","None, None"
"Return the TARGET [Trump/Clinton] and STANCE [Favor/Against/None]. Answer: {TARGET, STANCE}

""""""@realDonaldTrump You have a real shot at POTUS Mr. T, the debates will be the true litmus test.
""""""
","Trump, Favor","Trump, None"
"Return the TARGET [Trump/Clinton] and STANCE [Favor/Against/None]. Answer: {TARGET, STANCE}

""""""a clown who wants to be president #youcantdoit #MexicansAreChidos
""""""
","Trump, Against","Trump, Against"
"Return the TARGET [Trump/Clinton] and STANCE [Favor/Against/None]. Answer: {TARGET, STANCE}

""""""@luzcarolinarov @damian_becker Right-wing idiots in the US are capable of anything. Including voting for extreme racist
""""""
","Trump, Against","Trump, Against"
"Return the TARGET [Trump/Clinton] and STANCE [Favor/Against/None]. Answer: {TARGET, STANCE}

""""""@realDonaldTrump it's crazy how cowardly these big corporations are. I swear I'm campaigning for you !!!!!
""""""
","Trump, Favor","Trump, Favor"
"Return the TARGET [Trump/Clinton] and STANCE [Favor/Against/None]. Answer: {TARGET, STANCE}

""""""I love the Mexican people but they're smarter than us we MUST stop them!
""""""
","Trump, Against","Trump, Against"
"Return the TARGET [Trump/Clinton] and STANCE [Favor/Against/None]. Answer: {TARGET, STANCE}

""""""States Have Already Decided How They Felt About This Based Off The Wills Of Their People! Give Them Their Rights Back!
""""""
","Trump, None","None, None"
"Return the TARGET [Trump/Clinton] and STANCE [Favor/Against/None]. Answer: {TARGET, STANCE}

""""""Macy's to stop selling Trump merch. I guess he'll sue them next.
""""""
","Trump, Against","Trump, Against"
"Return the TARGET [Trump/Clinton] and STANCE [Favor/Against/None]. Answer: {TARGET, STANCE}

""""""Lighting that WH was so in your face to half of America, no class and so disrespectful..  #CashinIn  
""""""
","Trump, Against","Trump, Against"
"Return the TARGET [Trump/Clinton] and STANCE [Favor/Against/None]. Answer: {TARGET, STANCE}

""""""@DannoHollister @D2243 @BreitbartNews It might be time for WE THE PEOPLE to declare Independence From the Federal Government!
""""""
","Trump, Against","None, None"
"Return the TARGET [Trump/Clinton] and STANCE [Favor/Against/None]. Answer: {TARGET, STANCE}

""""""Trump and his comb over are gonna take over America #IndependenceDay
""""""
","Trump, Against","Trump, Favor"
"Return the TARGET [Trump/Clinton] and STANCE [Favor/Against/None]. Answer: {TARGET, STANCE}

""""""@ericbolling :).  Sorry for the kidding but had to do that.  Darn autocorrect. 
""""""
","Trump, None","None, None"
"Return the TARGET [Trump/Clinton] and STANCE [Favor/Against/None]. Answer: {TARGET, STANCE}

""""""@AC360 @barbarastarrcnn Erasing history will not cure the hatred heart, it only takes one person to stir the fires #CCOT
""""""
","Trump, None","None, None"
"Return the TARGET [Trump/Clinton] and STANCE [Favor/Against/None]. Answer: {TARGET, STANCE}

""""""@nytpolitics and will stop Illegals from killing our citizens.
""""""
","Trump, Against","Trump, Favor"
"Return the TARGET [Trump/Clinton] and STANCE [Favor/Against/None]. Answer: {TARGET, STANCE}

""""""@realDonaldTrump ' It takes great bravery to stand up to your enemies but even more to stand up to your friends' we need you
""""""
","Trump, Favor","Trump, Favor"
"Return the TARGET [Trump/Clinton] and STANCE [Favor/Against/None]. Answer: {TARGET, STANCE}

""""""It's not a good week for
""""""
","Trump, Against","None, None"
"Return the TARGET [Trump/Clinton] and STANCE [Favor/Against/None]. Answer: {TARGET, STANCE}

""""""The moment you opened your mouth,  that was the end of your candidate trip! @realDonaldTrump
""""""
","Trump, Against","Trump, Against"
"Return the TARGET [Trump/Clinton] and STANCE [Favor/Against/None]. Answer: {TARGET, STANCE}

""""""@MikeBates @BI_RetailNews Sickening, Children are at the Parades! BHO has turn this Country tolongest 6.6yrs of my Life!
""""""
","Trump, None","Trump, Against"
"Return the TARGET [Trump/Clinton] and STANCE [Favor/Against/None]. Answer: {TARGET, STANCE}

""""""You can change the laws of America, but you can never change the Law of God. Marriage is between a man and a woman.
""""""
","Trump, None","None, None"
"Return the TARGET [Trump/Clinton] and STANCE [Favor/Against/None]. Answer: {TARGET, STANCE}

""""""Important part of platform.  Make it illegal to talk during #TrueDetective  #GOP #Election2016
""""""
","Trump, Against","Trump, None"
"Return the TARGET [Trump/Clinton] and STANCE [Favor/Against/None]. Answer: {TARGET, STANCE}

""""""@realDonaldTrump the thing I like about Mr Trump is that if he shoots himself in the foot, he can buy another. 
""""""
","Trump, Against","Trump, Favor"
"Return the TARGET [Trump/Clinton] and STANCE [Favor/Against/None]. Answer: {TARGET, STANCE}

""""""Really #DonaldTrump, all Mexican people are rapists, but you assume SOME are good people... #IdiotNation #facepalm
""""""
","Trump, Against","Trump, Against"
"Return the TARGET [Trump/Clinton] and STANCE [Favor/Against/None]. Answer: {TARGET, STANCE}

""""""If there was such a thing as the ""American"" Hitler. Donald Trump would probably be that guy. #nationalism
""""""
","Trump, Against","Trump, Against"
"Return the TARGET [Trump/Clinton] and STANCE [Favor/Against/None]. Answer: {TARGET, STANCE}

""""""Just so its not lost, today ISIS executed 74 children. To make it worse, our President was tweeting about basketball.
""""""
","Trump, Against","Trump, Against"
"Return the TARGET [Trump/Clinton] and STANCE [Favor/Against/None]. Answer: {TARGET, STANCE}

""""""If you think it's fine American car companies send jobs to Mexico while we pay for their welfare you must hate @realDonaldTrump  
""""""
","Trump, Against","Trump, Against"
"Return the TARGET [Trump/Clinton] and STANCE [Favor/Against/None]. Answer: {TARGET, STANCE}

""""""Greece is our future.  Pay attention.  #GreekCrisis
""""""
","Trump, None","None, None"
"Return the TARGET [Trump/Clinton] and STANCE [Favor/Against/None]. Answer: {TARGET, STANCE}

""""""@theblaze American ppl are prolife, anti #Obamacare, pro #bordersecurity pro traditional marriage. Where has that gotten us.
""""""
","Trump, Against","Trump, None"
"Return the TARGET [Trump/Clinton] and STANCE [Favor/Against/None]. Answer: {TARGET, STANCE}

""""""What happens first? Yellowstone blows or GOP prez candidate calls Trump racist?
""""""
","Trump, Against","Trump, None"
"Return the TARGET [Trump/Clinton] and STANCE [Favor/Against/None]. Answer: {TARGET, STANCE}

"""""".@realDonaldTrump is the real deal folks. He tells the truth. Get used to it!
""""""
","Trump, Favor","Trump, Favor"
"Return the TARGET [Trump/Clinton] and STANCE [Favor/Against/None]. Answer: {TARGET, STANCE}

""""""Good morning. I wake up on 8 pm, but is 10 pm...  That's Only Holiday :) #holiday #summer #sunrise #wakacyjnefolllowspree
""""""
","Trump, None","None, None"
"Return the TARGET [Trump/Clinton] and STANCE [Favor/Against/None]. Answer: {TARGET, STANCE}

""""""I feel like the 2016 Presidential race is @realDonaldTrump vs. Matropolis ie The Machine.    Lets defeat the machine
""""""
","Trump, Favor","Trump, Against"
"Return the TARGET [Trump/Clinton] and STANCE [Favor/Against/None]. Answer: {TARGET, STANCE}

""""""@USAlivestrong @scottscameron @ljmljm55 @blondygirl1 @eavesdropann @autumkat @texasflutegal 100% Support #Trump..
""""""
","Trump, Favor","Trump, Favor"
"Return the TARGET [Trump/Clinton] and STANCE [Favor/Against/None]. Answer: {TARGET, STANCE}

""""""@BlissTabitha What to hell is going on! Really scary.. Nothing sacred anymore!
""""""
","Trump, None","None, None"
"Return the TARGET [Trump/Clinton] and STANCE [Favor/Against/None]. Answer: {TARGET, STANCE}

""""""#LGBT are evil monsters that want to ban being straight, molest children, and destroy the family structure! #SDCC #UFC189
""""""
","Trump, None","None, None"
"Return the TARGET [Trump/Clinton] and STANCE [Favor/Against/None]. Answer: {TARGET, STANCE}

""""""Why is the media giving the Donald so much airtime?The guy evades questions just like any other politician.Disaster. GOP trouble
""""""
","Trump, Against","Trump, None"
"Return the TARGET [Trump/Clinton] and STANCE [Favor/Against/None]. Answer: {TARGET, STANCE}

""""""@GeraldoRivera @realDonaldTrump Don't apologize for the truth. People are too sensitive. #MakeAmericaGreatAgain
""""""
","Trump, Favor","Trump, None"
"Return the TARGET [Trump/Clinton] and STANCE [Favor/Against/None]. Answer: {TARGET, STANCE}

""""""I like many entries in the 2016 Presidential race; but no one is more accomplished than Donald Trump. His cabinet will be full.
""""""
","Trump, Favor","Trump, Favor"
"Return the TARGET [Trump/Clinton] and STANCE [Favor/Against/None]. Answer: {TARGET, STANCE}

""""""@GinnyQuaglia well the rest of the majority had better get off their asses and get involved in this fight.
""""""
","Trump, None","None, None"
"Return the TARGET [Trump/Clinton] and STANCE [Favor/Against/None]. Answer: {TARGET, STANCE}

""""""5. Obama could kill us all with these race wars and black lives matters stuff. Divide and Conquer. #tcot
""""""
","Trump, None","Trump, Against"
"Return the TARGET [Trump/Clinton] and STANCE [Favor/Against/None]. Answer: {TARGET, STANCE}

""""""......and some, I assume, are good people.
""""""
","Trump, Against","Trump, None"
"Return the TARGET [Trump/Clinton] and STANCE [Favor/Against/None]. Answer: {TARGET, STANCE}

""""""BretBaier ShannonBream remind Obama that the 2nd Amendment is here to stay as well! #TCOT #MOLONLABE #2A
""""""
","Trump, None","Trump, Favor"
"Return the TARGET [Trump/Clinton] and STANCE [Favor/Against/None]. Answer: {TARGET, STANCE}

""""""Go back to focusing on brainless beauties... Oh wait you can't cuz you've been fired #NBC #youlose #sorrynotsorry
""""""
","Trump, Against","Trump, Against"
"Return the TARGET [Trump/Clinton] and STANCE [Favor/Against/None]. Answer: {TARGET, STANCE}

""""""RT @BlissTabitha ""Never quite works out that way huh?  #GlobalWarming HOAX #MediaMalpractice
""""""
","Trump, Against","Trump, Against"
"Return the TARGET [Trump/Clinton] and STANCE [Favor/Against/None]. Answer: {TARGET, STANCE}

""""""@soxsher @Lrihendry @realDonaldTrump  Please make it right again!
""""""
","Trump, Favor","Trump, None"
"Return the TARGET [Trump/Clinton] and STANCE [Favor/Against/None]. Answer: {TARGET, STANCE}

""""""Get over to #CNN #AC360 @realDonaldTrump going live in minutes. 
""""""
","Trump, None","Trump, None"
"Return the TARGET [Trump/Clinton] and STANCE [Favor/Against/None]. Answer: {TARGET, STANCE}

""""""@majicmahon @seanhannity @RickSantorum Hillary's brand of  experience we do not need!
""""""
","Trump, None","Clinton, Against"
"Return the TARGET [Trump/Clinton] and STANCE [Favor/Against/None]. Answer: {TARGET, STANCE}

""""""Would seem to me, if we can ban the Confederate flag we can ban the burning or stomping on Old glory! But that is OK!   
""""""
","Trump, None","Trump, None"
"Return the TARGET [Trump/Clinton] and STANCE [Favor/Against/None]. Answer: {TARGET, STANCE}

""""""Trump got the smarts to win the hearts
""""""
","Trump, Against","Trump, Favor"
"Return the TARGET [Trump/Clinton] and STANCE [Favor/Against/None]. Answer: {TARGET, STANCE}

""""""Liberals are winning the battle of the mind by indoctrinating low IQ & youth of #America through #MSM & social media
""""""
","Trump, None","Trump, Against"
"Return the TARGET [Trump/Clinton] and STANCE [Favor/Against/None]. Answer: {TARGET, STANCE}

""""""@HuffingtonPost He probably DOES have facts!
""""""
","Trump, Against","Trump, Favor"
"Return the TARGET [Trump/Clinton] and STANCE [Favor/Against/None]. Answer: {TARGET, STANCE}

""""""I'm Fonald Frump and EVERYBODY THINKS YOU'RE AN IDIOT.forPresident
""""""
","Trump, Against","Trump, Against"
"Return the TARGET [Trump/Clinton] and STANCE [Favor/Against/None]. Answer: {TARGET, STANCE}

""""""@toddstarnes Marriage is designed and defined by God. No mortal man can change it. Praying for our country  #ccot #PJNET
""""""
","Trump, None","Trump, None"
"Return the TARGET [Trump/Clinton] and STANCE [Favor/Against/None]. Answer: {TARGET, STANCE}

""""""@SCOTUScare penned by @ChiefJusticeJR  ends rule of law and freedom. What law will SCOTUS  edit next? @RedNationRising
""""""
","Trump, None","None, None"
"Return the TARGET [Trump/Clinton] and STANCE [Favor/Against/None]. Answer: {TARGET, STANCE}

""""""@gerfingerpoken2 @BeagleGuy13  I think it was the ""Black lives don't matter to Black lives Flag
""""""
","Trump, None","None, None"
"Return the TARGET [Trump/Clinton] and STANCE [Favor/Against/None]. Answer: {TARGET, STANCE}

""""""Wow Quote ""try getting it out, you don't even know what you're talking about but go ahead, try getting it out "" smh #msnbc
""""""
","Trump, None","Trump, Against"
"Return the TARGET [Trump/Clinton] and STANCE [Favor/Against/None]. Answer: {TARGET, STANCE}

""""""@JonathanHoenig Why arent Americans allowed WEEKLY to vote on Bills that are passed by the elite on behalf of the masses?
""""""
","Trump, None","None, None"
"Return the TARGET [Trump/Clinton] and STANCE [Favor/Against/None]. Answer: {TARGET, STANCE}

""""""@realDonaldTrump keep it up Mr Trump-when the Dems and Repubs are attacking-you know your doing it right! #MakeAmericaGreatAgain
""""""
","Trump, Favor","Trump, Favor"
"Return the TARGET [Trump/Clinton] and STANCE [Favor/Against/None]. Answer: {TARGET, STANCE}

""""""@RMConservative @DagnyRed ,P.C. is out of control,stop being offended ,we are a country of free thinkers,#1A
""""""
","Trump, None","None, None"
"Return the TARGET [Trump/Clinton] and STANCE [Favor/Against/None]. Answer: {TARGET, STANCE}

""""""The country's fucked but we can marry!! Woo hoo!
""""""
","Trump, None","None, None"
"Return the TARGET [Trump/Clinton] and STANCE [Favor/Against/None]. Answer: {TARGET, STANCE}

""""""@BillGates Can you reset my Windows 98 password??
""""""
","Trump, None","Trump, None"
"Return the TARGET [Trump/Clinton] and STANCE [Favor/Against/None]. Answer: {TARGET, STANCE}

""""""And ask for handouts @jjauthor: When your family is short of money, do you take Lib option to increase spending? #racism
""""""
","Trump, None","None, None"
"Return the TARGET [Trump/Clinton] and STANCE [Favor/Against/None]. Answer: {TARGET, STANCE}

""""""Under O & Kerry's deal, if the ayatollahs want to keep their nuclear toys  they can keep their nuclear toys! PERIOD!
""""""
","Trump, None","Trump, Against"
"Return the TARGET [Trump/Clinton] and STANCE [Favor/Against/None]. Answer: {TARGET, STANCE}

""""""That Time Trump Spent Nearly $100000 On An Ad Criticizin US Foreign Policy In 1987 #america #DonaldJTrump #foreignpolicy
""""""
","Trump, Against","Trump, Against"
"Return the TARGET [Trump/Clinton] and STANCE [Favor/Against/None]. Answer: {TARGET, STANCE}

""""""@realDonaldTrump Canada supports you! Please stop the ILLEGALS at your boarder before they get to ours.
""""""
","Trump, Against","Trump, Favor"
"Return the TARGET [Trump/Clinton] and STANCE [Favor/Against/None]. Answer: {TARGET, STANCE}

""""""UncommonState: RT Commoncorediva: Title 1 funds/Title 9 funds, IDEA funds...all being distorted 2 serve the CCSS Agenda! #PJ...
""""""
","Trump, None","None, None"
"Return the TARGET [Trump/Clinton] and STANCE [Favor/Against/None]. Answer: {TARGET, STANCE}

""""""@RNRLouisiana @willie_mays24 @RNROklahoma  THIS kind of open defiance is what is needed but on a massive scale #tcot #LNYHBT
""""""
","Trump, None","None, None"
"Return the TARGET [Trump/Clinton] and STANCE [Favor/Against/None]. Answer: {TARGET, STANCE}

""""""@GalaxySojourn until their welfare is cut, their freebies taken away the #plantationparty will always vote dem
""""""
","Trump, None","Clinton, Against"
"Return the TARGET [Trump/Clinton] and STANCE [Favor/Against/None]. Answer: {TARGET, STANCE}

""""""Well, someone's doing the raping. I get combed and gooped up so much, Donald's the one doing the raping. He never understands.
""""""
","Trump, Against","Trump, Against"
"Return the TARGET [Trump/Clinton] and STANCE [Favor/Against/None]. Answer: {TARGET, STANCE}

""""""Donald Trump....you're fired, fired, & fired again!
""""""
","Trump, Against","Trump, Against"
"Return the TARGET [Trump/Clinton] and STANCE [Favor/Against/None]. Answer: {TARGET, STANCE}

""""""@NBCUniversal maybe you could have a reality show trying to find a new host of celebrity apprentice #YoureFired
""""""
","Trump, Against","Trump, Against"
"Return the TARGET [Trump/Clinton] and STANCE [Favor/Against/None]. Answer: {TARGET, STANCE}

""""""RT @AhmedtheBanker: Let's not forget @realDonaldTrump lost money running a casino.
""""""
","Trump, Against","Trump, Against"
"Return the TARGET [Trump/Clinton] and STANCE [Favor/Against/None]. Answer: {TARGET, STANCE}

""""""@hamltonb026 that's the last thing I'm doing. I'm suggesting that liberals are the reason it is the issue it is today
""""""
","Trump, Against","None, None"
"Return the TARGET [Trump/Clinton] and STANCE [Favor/Against/None]. Answer: {TARGET, STANCE}

""""""571 Days Left Until Obama Leaves The White House.
""""""
","Trump, None","None, None"
"Return the TARGET [Trump/Clinton] and STANCE [Favor/Against/None]. Answer: {TARGET, STANCE}

""""""@RSherman_25 Join Twitter Trump brigade #onethousandtweets to support message #MakeAmericaGreatAgain @realDonaldTrump
""""""
","Trump, Favor","Trump, Favor"
"Return the TARGET [Trump/Clinton] and STANCE [Favor/Against/None]. Answer: {TARGET, STANCE}

""""""They blew up the trade centers to cover their destructive trails, and paved the way for more death, war, and mind control.
""""""
","Trump, None","None, None"
"Return the TARGET [Trump/Clinton] and STANCE [Favor/Against/None]. Answer: {TARGET, STANCE}

""""""Considering the fact that Bush was a president of this country, I don't see it a joke that Trump is running ! #Election2016
""""""
","Trump, Favor","Trump, None"
"Return the TARGET [Trump/Clinton] and STANCE [Favor/Against/None]. Answer: {TARGET, STANCE}

""""""@BillKristol GOP, Dems & Media are all scared of Trump. I am thoroughly enjoying the hand-wringing and hysterical name calling.
""""""
","Trump, Favor","Trump, Favor"
"Return the TARGET [Trump/Clinton] and STANCE [Favor/Against/None]. Answer: {TARGET, STANCE}

""""""OMG - #Obama really believes #ISIS is made up of Christians, Jews, & Muslims. WHAT A MORON! #clueless #ProudAmerican #tcot
""""""
","Trump, None","Trump, Against"
"Return the TARGET [Trump/Clinton] and STANCE [Favor/Against/None]. Answer: {TARGET, STANCE}

""""""No wonder they don't listen to us.  It must get awfully loud inside the echo chamber.  @ESPN @NBC @Macys @NASCAR
""""""
","Trump, None","None, None"
"Return the TARGET [Trump/Clinton] and STANCE [Favor/Against/None]. Answer: {TARGET, STANCE}

""""""@NBC to #Trump: ""HOW DARE YOU POINT OUT THAT OBAMA CAUSES 1000 GIRLS TO BE RAPED EVERY MONTH CROSSING INTO USA!""  #ccot #tcot
""""""
","Trump, Against","Trump, Against"
"Return the TARGET [Trump/Clinton] and STANCE [Favor/Against/None]. Answer: {TARGET, STANCE}

""""""#KellyFile remember the days when we believed #SCOTUS would follow the #constitution well they gone
""""""
","Trump, Against","None, None"
"Return the TARGET [Trump/Clinton] and STANCE [Favor/Against/None]. Answer: {TARGET, STANCE}

""""""@ChrisleyChase think your adorable. Remind me of my nephew. Stay young. The new comb over you're sporting is aging you.
""""""
","Trump, Against","Trump, None"
"Return the TARGET [Trump/Clinton] and STANCE [Favor/Against/None]. Answer: {TARGET, STANCE}

""""""I'm voting for Donald Trump !
""""""
","Trump, Against","Trump, Favor"