post_id,reply_set,0,1,2,3,4,5,preds
1,0,"Neither, Neither",,,,,,"Neither, Neither, , , , "
2,0,"Oppose, Support",,,,,,"Oppose, Support, , , , "
3,0,"Support, Oppose",,,,,,"Support, Oppose, , , , "
4,0,"Support, Oppose",,,,,,"Support, Oppose, , , , "
5,0,"Support, Oppose",,,,,,"Support, Oppose, , , , "
6,0,"Support, Oppose",,,,,,"Support, Oppose, , , , "
7,0,"Support, Oppose",,,,,,"Support, Oppose, , , , "
8,0,"Oppose, Neither",,,,,,"Oppose, Neither, , , , "
9,0,"Neither, Neither",,,,,,"Neither, Neither, , , , "
10,0,"Support, Neither",,,,,,"Support, Neither, , , , "
11,0,"Oppose, Support",,,,,,"Oppose, Support, , , , "
12,0,"Neither, Oppose",,,,,,"Neither, Oppose, , , , "
13,0,"Support, Neither",,,,,,"Support, Neither, , , , "
14,0,"Oppose, Support",,,,,,"Oppose, Support, , , , "
15,0,"Support, Oppose",,,,,,"Support, Oppose, , , , "
16,0,"Support, Oppose",,,,,,"Support, Oppose, , , , "
17,0,"Neither, Oppose",,,,,,"Neither, Oppose, , , , "
18,0,"Support, Neither",,,,,,"Support, Neither, , , , "
19,0,"Oppose, Support",,,,,,"Oppose, Support, , , , "
20,0,"Support, Oppose",,,,,,"Support, Oppose, , , , "
21,0,"Oppose, Oppose",,,,,,"Oppose, Oppose, , , , "
22,0,"Support, Oppose",,,,,,"Support, Oppose, , , , "
23,0,"Oppose, Support",,,,,,"Oppose, Support, , , , "
24,0,"Support, Oppose",,,,,,"Support, Oppose, , , , "
25,0,"Support, Oppose",,,,,,"Support, Oppose, , , , "
26,0,"Oppose, Neither",,,,,,"Oppose, Neither, , , , "
27,0,"Neither, Oppose",,,,,,"Neither, Oppose, , , , "
28,0,"Support, Neither",,,,,,"Support, Neither, , , , "
29,0,"Neither, Oppose",,,,,,"Neither, Oppose, , , , "
30,0,"Support, Neither",,,,,,"Support, Neither, , , , "
31,0,"Neither, Neither",,,,,,"Neither, Neither, , , , "
32,0,"Neither, Neither",,,,,,"Neither, Neither, , , , "
33,0,"Oppose, Support",,,,,,"Oppose, Support, , , , "
34,0,"Oppose, Support",,,,,,"Oppose, Support, , , , "
35,0,"Neither, Neither",,,,,,"Neither, Neither, , , , "
36,0,"Neither, Oppose",,,,,,"Neither, Oppose, , , , "
37,0,"Oppose, Neither",,,,,,"Oppose, Neither, , , , "
38,0,"Support, Neither",,,,,,"Support, Neither, , , , "
39,0,"Support, Oppose",,,,,,"Support, Oppose, , , , "
40,0,"Support, Neither",,,,,,"Support, Neither, , , , "
41,0,"Neither, Oppose",,,,,,"Neither, Oppose, , , , "
42,0,"Neither, Neither",,,,,,"Neither, Neither, , , , "
43,0,"Neither, Oppose",,,,,,"Neither, Oppose, , , , "
44,0,"Support, Oppose",,,,,,"Support, Oppose, , , , "
45,0,"Support, Oppose",,,,,,"Support, Oppose, , , , "
46,0,"Support, Neither",,,,,,"Support, Neither, , , , "
47,0,"Neither, Neither",,,,,,"Neither, Neither, , , , "
48,0,"Support, Oppose",,,,,,"Support, Oppose, , , , "
49,0,"Neither, Neither",,,,,,"Neither, Neither, , , , "
50,0,"Support, Neither",,,,,,"Support, Neither, , , , "
51,1,"Oppose, Support","Oppose, Support",,,,,"Oppose, Support, Oppose, Support, , , "
52,1,"Oppose, Neither","Neither, Neither",,,,,"Oppose, Neither, Neither, Neither, , , "
53,1,"Support, Neither","Oppose, Neither",,,,,"Support, Neither, Oppose, Neither, , , "
54,1,"Neither, Support","Neither, Oppose",,,,,"Neither, Support, Neither, Oppose, , , "
55,1,"Neither, Oppose","Neither, Oppose",,,,,"Neither, Oppose, Neither, Oppose, , , "
56,1,"Oppose, Neither","Support, Neither",,,,,"Oppose, Neither, Support, Neither, , , "
57,1,"Neither, Support","Neither, Neither",,,,,"Neither, Support, Neither, Neither, , , "
58,1,"Support, Oppose","Support, Neither",,,,,"Support, Oppose, Support, Neither, , , "
59,1,"Oppose, Support","Neither, Oppose",,,,,"Oppose, Support, Neither, Oppose, , , "
60,1,"Neither, Oppose","Neither, Neither",,,,,"Neither, Oppose, Neither, Neither, , , "
61,1,"Support, Oppose","Support, Oppose",,,,,"Support, Oppose, Support, Oppose, , , "
62,1,"Support, Neither","Neither, Neither",,,,,"Support, Neither, Neither, Neither, , , "
63,1,"Neither, Oppose","Neither, Oppose",,,,,"Neither, Oppose, Neither, Oppose, , , "
64,1,"Support, Oppose","Neither, Neither",,,,,"Support, Oppose, Neither, Neither, , , "
65,1,"Support, Oppose","Support, Neither",,,,,"Support, Oppose, Support, Neither, , , "
66,1,"Oppose, Support","Support, Oppose",,,,,"Oppose, Support, Support, Oppose, , , "
67,1,"Support, Oppose","Neither, Neither",,,,,"Support, Oppose, Neither, Neither, , , "
68,1,"Neither, Oppose","Neither, Oppose",,,,,"Neither, Oppose, Neither, Oppose, , , "
69,1,"Neither, Oppose","Neither, Neither",,,,,"Neither, Oppose, Neither, Neither, , , "
70,1,"Support, Oppose","Oppose, Neither",,,,,"Support, Oppose, Oppose, Neither, , , "
71,1,"Neither, Support","Neither, Neither",,,,,"Neither, Support, Neither, Neither, , , "
72,1,"Support, Oppose","Neither, Neither",,,,,"Support, Oppose, Neither, Neither, , , "
73,1,"Neither, Neither","Neither, Neither",,,,,"Neither, Neither, Neither, Neither, , , "
74,1,"Oppose, Neither","Support, Neither",,,,,"Oppose, Neither, Support, Neither, , , "
75,1,"Oppose, Support","Neither, Support",,,,,"Oppose, Support, Neither, Support, , , "
76,1,"Support, Oppose","Neither, Oppose",,,,,"Support, Oppose, Neither, Oppose, , , "
77,1,"Support, Oppose","Oppose, Neither",,,,,"Support, Oppose, Oppose, Neither, , , "
78,1,"Support, Oppose","Oppose, Neither",,,,,"Support, Oppose, Oppose, Neither, , , "
79,1,"Support, Oppose","Support, Oppose",,,,,"Support, Oppose, Support, Oppose, , , "
80,1,"Neither, Oppose","Neither, Oppose",,,,,"Neither, Oppose, Neither, Oppose, , , "
81,1,"Neither, Oppose","Neither, Oppose",,,,,"Neither, Oppose, Neither, Oppose, , , "
82,1,"Support, Oppose","Oppose, Neither",,,,,"Support, Oppose, Oppose, Neither, , , "
83,1,"Neither, Neither","Neither, Neither",,,,,"Neither, Neither, Neither, Neither, , , "
84,1,"Neither, Neither","Neither, Neither",,,,,"Neither, Neither, Neither, Neither, , , "
85,1,"Oppose, Support","Neither, Oppose",,,,,"Oppose, Support, Neither, Oppose, , , "
86,1,"Neither, Oppose","Neither, Support",,,,,"Neither, Oppose, Neither, Support, , , "
87,1,"Neither, Support","Neither, Oppose",,,,,"Neither, Support, Neither, Oppose, , , "
88,1,"Oppose, Oppose","Neither, Neither",,,,,"Oppose, Oppose, Neither, Neither, , , "
89,1,"Oppose, Neither","Oppose, Neither",,,,,"Oppose, Neither, Oppose, Neither, , , "
90,1,"Support, Oppose","Neither, Neither",,,,,"Support, Oppose, Neither, Neither, , , "
91,1,"Oppose, Support","Neither, Oppose",,,,,"Oppose, Support, Neither, Oppose, , , "
92,1,"Oppose, Oppose","Oppose, Oppose",,,,,"Oppose, Oppose, Oppose, Oppose, , , "
93,1,"Neither, Oppose","Neither, Oppose",,,,,"Neither, Oppose, Neither, Oppose, , , "
94,1,"Support, Oppose","Support, Oppose",,,,,"Support, Oppose, Support, Oppose, , , "
95,1,"Neither, Neither","Support, Neither",,,,,"Neither, Neither, Support, Neither, , , "
96,1,"Oppose, Support","Oppose, Support",,,,,"Oppose, Support, Oppose, Support, , , "
97,1,"Support, Oppose","Oppose, Neither",,,,,"Support, Oppose, Oppose, Neither, , , "
98,1,"Oppose, Neither","Neither, Neither",,,,,"Oppose, Neither, Neither, Neither, , , "
99,1,"Neither, Neither","Neither, Neither",,,,,"Neither, Neither, Neither, Neither, , , "
100,1,"Neither, Oppose","Neither, Oppose",,,,,"Neither, Oppose, Neither, Oppose, , , "
101,2,"Oppose, Neither","Support, Neither","Oppose, Neither",,,,"Oppose, Neither, Support, Neither, Oppose, Neither, , "
102,2,"Support, Oppose","Oppose, Oppose","Support, Oppose",,,,"Support, Oppose, Oppose, Oppose, Support, Oppose, , "
103,2,"Neither, Neither","Neither, Neither","Neither, Neither",,,,"Neither, Neither, Neither, Neither, Neither, Neither, , "
104,2,"Support, Oppose","Support, Neither","Neither, Oppose",,,,"Support, Oppose, Support, Neither, Neither, Oppose, , "
105,2,"Oppose, Support","Neither, Neither","Neither, Neither",,,,"Oppose, Support, Neither, Neither, Neither, Neither, , "
106,2,"Neither, Support","Neither, Oppose","Neither, Neither",,,,"Neither, Support, Neither, Oppose, Neither, Neither, , "
107,2,"Neither, Neither","Neither, Neither","Neither, Neither",,,,"Neither, Neither, Neither, Neither, Neither, Neither, , "
108,2,"Support, Oppose","Oppose, Support","Neither, Neither",,,,"Support, Oppose, Oppose, Support, Neither, Neither, , "
109,2,"Support, Oppose","Support, Oppose","Support, Neither",,,,"Support, Oppose, Support, Oppose, Support, Neither, , "
110,2,"Neither, Oppose","Neither, Neither","Neither, Oppose",,,,"Neither, Oppose, Neither, Neither, Neither, Oppose, , "
111,2,"Oppose, Neither","Neither, Oppose","Support, Neither",,,,"Oppose, Neither, Neither, Oppose, Support, Neither, , "
112,2,"Neither, Oppose","Oppose, Neither","Support, Oppose",,,,"Neither, Oppose, Oppose, Neither, Support, Oppose, , "
113,2,"Support, Neither","Oppose, Neither","Neither, Neither",,,,"Support, Neither, Oppose, Neither, Neither, Neither, , "
114,2,"Neither, Neither","Neither, Neither","Oppose, Neither",,,,"Neither, Neither, Neither, Neither, Oppose, Neither, , "
115,2,"Support, Oppose","Support, Neither","Support, Oppose",,,,"Support, Oppose, Support, Neither, Support, Oppose, , "
116,2,"Support, Oppose","Neither, Neither","Neither, Neither",,,,"Support, Oppose, Neither, Neither, Neither, Neither, , "
117,2,"Support, Oppose","Neither, Neither","Neither, Neither",,,,"Support, Oppose, Neither, Neither, Neither, Neither, , "
118,2,"Neither, Oppose","Neither, Oppose","Neither, Oppose",,,,"Neither, Oppose, Neither, Oppose, Neither, Oppose, , "
119,2,"Support, Oppose","Support, Oppose","Oppose, Support",,,,"Support, Oppose, Support, Oppose, Oppose, Support, , "
120,2,"Neither, Oppose","Neither, Neither","Neither, Neither",,,,"Neither, Oppose, Neither, Neither, Neither, Neither, , "
121,2,"Support, Oppose","Oppose, Neither","Neither, Oppose",,,,"Support, Oppose, Oppose, Neither, Neither, Oppose, , "
122,2,"Support, Oppose","Oppose, Support","Oppose, Neither",,,,"Support, Oppose, Oppose, Support, Oppose, Neither, , "
123,2,"Oppose, Support","Neither, Neither","Oppose, Neither",,,,"Oppose, Support, Neither, Neither, Oppose, Neither, , "
124,2,"Support, Oppose","Neither, Oppose","Neither, Oppose",,,,"Support, Oppose, Neither, Oppose, Neither, Oppose, , "
125,2,"Neither, Oppose","Neither, Support","Neither, Oppose",,,,"Neither, Oppose, Neither, Support, Neither, Oppose, , "
126,2,"Support, Oppose","Support, Oppose","Oppose, Neither",,,,"Support, Oppose, Support, Oppose, Oppose, Neither, , "
127,2,"Neither, Oppose","Oppose, Neither","Neither, Oppose",,,,"Neither, Oppose, Oppose, Neither, Neither, Oppose, , "
128,2,"Support, Oppose","Neither, Oppose","Oppose, Support",,,,"Support, Oppose, Neither, Oppose, Oppose, Support, , "
129,2,"Oppose, Neither","Support, Neither","Neither, Neither",,,,"Oppose, Neither, Support, Neither, Neither, Neither, , "
130,2,"Neither, Oppose","Support, Neither","Neither, Neither",,,,"Neither, Oppose, Support, Neither, Neither, Neither, , "
131,2,"Neither, Support","Neither, Neither","Neither, Neither",,,,"Neither, Support, Neither, Neither, Neither, Neither, , "
132,2,"Neither, Neither","Oppose, Oppose","Oppose, Neither",,,,"Neither, Neither, Oppose, Oppose, Oppose, Neither, , "
133,2,"Support, Oppose","Oppose, Neither","Neither, Neither",,,,"Support, Oppose, Oppose, Neither, Neither, Neither, , "
134,2,"Neither, Support","Neither, Support","Neither, Neither",,,,"Neither, Support, Neither, Support, Neither, Neither, , "
135,2,"Oppose, Neither","Support, Neither","Neither, Neither",,,,"Oppose, Neither, Support, Neither, Neither, Neither, , "
136,2,"Neither, Neither","Oppose, Neither","Neither, Neither",,,,"Neither, Neither, Oppose, Neither, Neither, Neither, , "
137,2,"Oppose, Neither","Neither, Neither","Support, Oppose",,,,"Oppose, Neither, Neither, Neither, Support, Oppose, , "
138,2,"Neither, Oppose","Support, Neither","Neither, Oppose",,,,"Neither, Oppose, Support, Neither, Neither, Oppose, , "
139,2,"Support, Oppose","Support, Oppose","Neither, Neither",,,,"Support, Oppose, Support, Oppose, Neither, Neither, , "
140,2,"Neither, Neither","Neither, Neither","Neither, Support",,,,"Neither, Neither, Neither, Neither, Neither, Support, , "
141,2,"Oppose, Neither","Support, Neither","Oppose, Neither",,,,"Oppose, Neither, Support, Neither, Oppose, Neither, , "
142,2,"Neither, Oppose","Neither, Neither","Neither, Oppose",,,,"Neither, Oppose, Neither, Neither, Neither, Oppose, , "
143,2,"Neither, Oppose","Neither, Oppose","Support, Oppose",,,,"Neither, Oppose, Neither, Oppose, Support, Oppose, , "
144,2,"Support, Oppose","Neither, Oppose","Neither, Oppose",,,,"Support, Oppose, Neither, Oppose, Neither, Oppose, , "
145,2,"Neither, Neither","Neither, Neither","Neither, Neither",,,,"Neither, Neither, Neither, Neither, Neither, Neither, , "
146,2,"Support, Oppose","Support, Oppose","Support, Oppose",,,,"Support, Oppose, Support, Oppose, Support, Oppose, , "
147,2,"Oppose, Neither","Support, Neither","Neither, Neither",,,,"Oppose, Neither, Support, Neither, Neither, Neither, , "
148,2,"Support, Oppose","Neither, Neither","Support, Oppose",,,,"Support, Oppose, Neither, Neither, Support, Oppose, , "
149,2,"Neither, Oppose","Neither, Neither","Neither, Neither",,,,"Neither, Oppose, Neither, Neither, Neither, Neither, , "
150,2,"Neither, Oppose","Neither, Oppose","Neither, Oppose",,,,"Neither, Oppose, Neither, Oppose, Neither, Oppose, , "
151,3,"Oppose, Support","Neither, Oppose","Neither, Neither","Oppose, Neither",,,"Oppose, Support, Neither, Oppose, Neither, Neither, Oppose, Neither, "
152,3,"Neither, Support","Support, Oppose","Neither, Oppose","Neither, Oppose",,,"Neither, Support, Support, Oppose, Neither, Oppose, Neither, Oppose, "
153,3,"Neither, Neither","Neither, Neither","Neither, Neither","Neither, Neither",,,"Neither, Neither, Neither, Neither, Neither, Neither, Neither, Neither, "
154,3,"Support, Neither","Support, Neither","Support, Neither","Support, Oppose",,,"Support, Neither, Support, Neither, Support, Neither, Support, Oppose, "
155,3,"Oppose, Support","Neither, Support","Neither, Support","Support, Oppose",,,"Oppose, Support, Neither, Support, Neither, Support, Support, Oppose, "
156,3,"Oppose, Neither","Neither, Neither","Oppose, Neither","Neither, Oppose",,,"Oppose, Neither, Neither, Neither, Oppose, Neither, Neither, Oppose, "
157,3,"Oppose, Support","Support, Oppose","Neither, Neither","Neither, Neither",,,"Oppose, Support, Support, Oppose, Neither, Neither, Neither, Neither, "
158,3,"Support, Neither","Neither, Neither","Neither, Neither","Support, Neither",,,"Support, Neither, Neither, Neither, Neither, Neither, Support, Neither, "
159,3,"Neither, Support","Support, Oppose","Neither, Neither","Neither, Neither",,,"Neither, Support, Support, Oppose, Neither, Neither, Neither, Neither, "
160,3,"Support, Oppose","Support, Oppose","Support, Oppose","Neither, Neither",,,"Support, Oppose, Support, Oppose, Support, Oppose, Neither, Neither, "
161,3,"Oppose, Neither","Neither, Oppose","Neither, Neither","Oppose, Neither",,,"Oppose, Neither, Neither, Oppose, Neither, Neither, Oppose, Neither, "
162,3,"Support, Oppose","Neither, Oppose","Support, Oppose","Support, Neither",,,"Support, Oppose, Neither, Oppose, Support, Oppose, Support, Neither, "
163,3,"Neither, Neither","Neither, Neither","Neither, Neither","Neither, Neither",,,"Neither, Neither, Neither, Neither, Neither, Neither, Neither, Neither, "
164,3,"Neither, Support","Neither, Oppose","Neither, Oppose","Neither, Neither",,,"Neither, Support, Neither, Oppose, Neither, Oppose, Neither, Neither, "
165,3,"Support, Oppose","Neither, Support","Support, Oppose","Support, Neither",,,"Support, Oppose, Neither, Support, Support, Oppose, Support, Neither, "
166,3,"Support, Oppose","Oppose, Support","Support, Oppose","Oppose, Support",,,"Support, Oppose, Oppose, Support, Support, Oppose, Oppose, Support, "
167,3,"Neither, Oppose","Support, Oppose","Neither, Oppose","Oppose, Support",,,"Neither, Oppose, Support, Oppose, Neither, Oppose, Oppose, Support, "
168,3,"Neither, Support","Neither, Support","Neither, Support","Oppose, Support",,,"Neither, Support, Neither, Support, Neither, Support, Oppose, Support, "
169,3,"Oppose, Neither","Neither, Oppose","Neither, Oppose","Oppose, Support",,,"Oppose, Neither, Neither, Oppose, Neither, Oppose, Oppose, Support, "
170,3,"Support, Oppose","Oppose, Neither","Support, Oppose","Neither, Neither",,,"Support, Oppose, Oppose, Neither, Support, Oppose, Neither, Neither, "
171,3,"Support, Oppose","Oppose, Neither","Oppose, Neither","Support, Oppose",,,"Support, Oppose, Oppose, Neither, Oppose, Neither, Support, Oppose, "
172,3,"Support, Oppose","Neither, Neither","Neither, Neither","Neither, Neither",,,"Support, Oppose, Neither, Neither, Neither, Neither, Neither, Neither, "
173,3,"Support, Oppose","Oppose, Neither","Support, Oppose","Neither, Neither",,,"Support, Oppose, Oppose, Neither, Support, Oppose, Neither, Neither, "
174,3,"Oppose, Support","Oppose, Support","Oppose, Neither","Neither, Neither",,,"Oppose, Support, Oppose, Support, Oppose, Neither, Neither, Neither, "
175,3,"Neither, Support","Neither, Oppose","Oppose, Support","Neither, Oppose",,,"Neither, Support, Neither, Oppose, Oppose, Support, Neither, Oppose, "
176,3,"Support, Oppose","Neither, Neither","Neither, Oppose","Support, Neither",,,"Support, Oppose, Neither, Neither, Neither, Oppose, Support, Neither, "
177,3,"Oppose, Neither","Oppose, Neither","Oppose, Neither","Neither, Oppose",,,"Oppose, Neither, Oppose, Neither, Oppose, Neither, Neither, Oppose, "
178,3,"Oppose, Support","Neither, Oppose","Neither, Oppose","Neither, Support",,,"Oppose, Support, Neither, Oppose, Neither, Oppose, Neither, Support, "
179,3,"Neither, Oppose","Support, Oppose","Neither, Neither","Neither, Neither",,,"Neither, Oppose, Support, Oppose, Neither, Neither, Neither, Neither, "
180,3,"Support, Neither","Neither, Neither","Support, Oppose","Support, Neither",,,"Support, Neither, Neither, Neither, Support, Oppose, Support, Neither, "
181,3,"Oppose, Oppose","Oppose, Neither","Neither, Neither","Neither, Oppose",,,"Oppose, Oppose, Oppose, Neither, Neither, Neither, Neither, Oppose, "
182,3,"Oppose, Neither","Support, Neither","Neither, Oppose","Oppose, Neither",,,"Oppose, Neither, Support, Neither, Neither, Oppose, Oppose, Neither, "
183,3,"Oppose, Neither","Support, Neither","Neither, Neither","Neither, Neither",,,"Oppose, Neither, Support, Neither, Neither, Neither, Neither, Neither, "
184,3,"Oppose, Neither","Support, Oppose","Neither, Oppose","Neither, Oppose",,,"Oppose, Neither, Support, Oppose, Neither, Oppose, Neither, Oppose, "
185,3,"Support, Oppose","Neither, Oppose","Neither, Neither","Support, Oppose",,,"Support, Oppose, Neither, Oppose, Neither, Neither, Support, Oppose, "
186,3,"Oppose, Support","Oppose, Support","Neither, Support","Neither, Neither",,,"Oppose, Support, Oppose, Support, Neither, Support, Neither, Neither, "
187,3,"Oppose, Neither","Support, Neither","Oppose, Neither","Oppose, Neither",,,"Oppose, Neither, Support, Neither, Oppose, Neither, Oppose, Neither, "
188,3,"Neither, Oppose","Oppose, Support","Neither, Neither","Neither, Oppose",,,"Neither, Oppose, Oppose, Support, Neither, Neither, Neither, Oppose, "
189,3,"Neither, Oppose","Neither, Neither","Neither, Neither","Neither, Neither",,,"Neither, Oppose, Neither, Neither, Neither, Neither, Neither, Neither, "
190,3,"Support, Oppose","Support, Oppose","Oppose, Neither","Support, Oppose",,,"Support, Oppose, Support, Oppose, Oppose, Neither, Support, Oppose, "
191,3,"Neither, Oppose","Neither, Neither","Oppose, Oppose","Support, Oppose",,,"Neither, Oppose, Neither, Neither, Oppose, Oppose, Support, Oppose, "
192,3,"Neither, Neither","Neither, Neither","Neither, Neither","Support, Oppose",,,"Neither, Neither, Neither, Neither, Neither, Neither, Support, Oppose, "
193,3,"Neither, Oppose","Oppose, Support","Neither, Neither","Neither, Neither",,,"Neither, Oppose, Oppose, Support, Neither, Neither, Neither, Neither, "
194,3,"Support, Oppose","Oppose, Oppose","Oppose, Support","Neither, Neither",,,"Support, Oppose, Oppose, Oppose, Oppose, Support, Neither, Neither, "
195,3,"Support, Oppose","Oppose, Neither","Support, Neither","Support, Oppose",,,"Support, Oppose, Oppose, Neither, Support, Neither, Support, Oppose, "
196,3,"Neither, Oppose","Oppose, Support","Neither, Oppose","Support, Oppose",,,"Neither, Oppose, Oppose, Support, Neither, Oppose, Support, Oppose, "
197,3,"Neither, Neither","Neither, Neither","Neither, Neither","Neither, Neither",,,"Neither, Neither, Neither, Neither, Neither, Neither, Neither, Neither, "
198,3,"Support, Oppose","Oppose, Neither","Neither, Oppose","Support, Oppose",,,"Support, Oppose, Oppose, Neither, Neither, Oppose, Support, Oppose, "
199,3,"Support, Oppose","Neither, Support","Neither, Oppose","Neither, Neither",,,"Support, Oppose, Neither, Support, Neither, Oppose, Neither, Neither, "
200,3,"Neither, Neither","Neither, Neither","Neither, Neither","Neither, Neither",,,"Neither, Neither, Neither, Neither, Neither, Neither, Neither, Neither, "
201,4,"Support, Neither","Neither, Neither","Support, Neither","Oppose, Neither","Support, Neither",,"Support, Neither, Neither, Neither, Support, Neither, Oppose, Neither, Support, Neither"
202,4,"Support, Neither","Support, Neither","Support, Neither","Oppose, Support","Neither, Oppose",,"Support, Neither, Support, Neither, Support, Neither, Oppose, Support, Neither, Oppose"
203,4,"Neither, Oppose","Neither, Neither","Support, Neither","Neither, Neither","Neither, Neither",,"Neither, Oppose, Neither, Neither, Support, Neither, Neither, Neither, Neither, Neither"
204,4,"Support, Neither","Support, Neither","Support, Neither","Oppose, Neither","Oppose, Neither",,"Support, Neither, Support, Neither, Support, Neither, Oppose, Neither, Oppose, Neither"
205,4,"Neither, Neither","Oppose, Neither","Oppose, Neither","Neither, Neither","Neither, Neither",,"Neither, Neither, Oppose, Neither, Oppose, Neither, Neither, Neither, Neither, Neither"
206,4,"Oppose, Neither","Neither, Neither","Neither, Neither","Support, Neither","Neither, Neither",,"Oppose, Neither, Neither, Neither, Neither, Neither, Support, Neither, Neither, Neither"
207,4,"Support, Oppose","Support, Oppose","Oppose, Support","Neither, Oppose","Support, Oppose",,"Support, Oppose, Support, Oppose, Oppose, Support, Neither, Oppose, Support, Oppose"
208,4,"Neither, Support","Neither, Oppose","Oppose, Support","Neither, Oppose","Neither, Oppose",,"Neither, Support, Neither, Oppose, Oppose, Support, Neither, Oppose, Neither, Oppose"
209,4,"Oppose, Neither","Support, Neither","Oppose, Neither","Neither, Neither","Neither, Oppose",,"Oppose, Neither, Support, Neither, Oppose, Neither, Neither, Neither, Neither, Oppose"
210,4,"Support, Oppose","Support, Neither","Support, Oppose","Support, Neither","Support, Neither",,"Support, Oppose, Support, Neither, Support, Oppose, Support, Neither, Support, Neither"
211,4,"Oppose, Oppose","Oppose, Neither","Neither, Oppose","Support, Oppose","Neither, Neither",,"Oppose, Oppose, Oppose, Neither, Neither, Oppose, Support, Oppose, Neither, Neither"
212,4,"Neither, Neither","Oppose, Neither","Oppose, Neither","Neither, Neither","Neither, Neither",,"Neither, Neither, Oppose, Neither, Oppose, Neither, Neither, Neither, Neither, Neither"
213,4,"Oppose, Neither","Neither, Oppose","Oppose, Neither","Oppose, Neither","Support, Neither",,"Oppose, Neither, Neither, Oppose, Oppose, Neither, Oppose, Neither, Support, Neither"
214,4,"Oppose, Neither","Neither, Neither","Neither, Neither","Neither, Neither","Oppose, Neither",,"Oppose, Neither, Neither, Neither, Neither, Neither, Neither, Neither, Oppose, Neither"
215,4,"Neither, Oppose","Neither, Neither","Neither, Oppose","Neither, Oppose","Neither, Oppose",,"Neither, Oppose, Neither, Neither, Neither, Oppose, Neither, Oppose, Neither, Oppose"
216,4,"Neither, Oppose","Oppose, Support","Neither, Neither","Neither, Oppose","Neither, Neither",,"Neither, Oppose, Oppose, Support, Neither, Neither, Neither, Oppose, Neither, Neither"
217,4,"Oppose, Support","Oppose, Support","Support, Oppose","Oppose, Support","Support, Oppose",,"Oppose, Support, Oppose, Support, Support, Oppose, Oppose, Support, Support, Oppose"
218,4,"Neither, Support","Neither, Support","Neither, Oppose","Neither, Support","Neither, Oppose",,"Neither, Support, Neither, Support, Neither, Oppose, Neither, Support, Neither, Oppose"
219,4,"Support, Oppose","Neither, Neither","Neither, Neither","Oppose, Neither","Support, Neither",,"Support, Oppose, Neither, Neither, Neither, Neither, Oppose, Neither, Support, Neither"
220,4,"Oppose, Neither","Neither, Neither","Neither, Neither","Oppose, Support","Oppose, Neither",,"Oppose, Neither, Neither, Neither, Neither, Neither, Oppose, Support, Oppose, Neither"
221,4,"Oppose, Support","Support, Oppose","Oppose, Support","Support, Oppose","Neither, Oppose",,"Oppose, Support, Support, Oppose, Oppose, Support, Support, Oppose, Neither, Oppose"
222,4,"Oppose, Support","Support, Oppose","Neither, Oppose","Neither, Neither","Neither, Neither",,"Oppose, Support, Support, Oppose, Neither, Oppose, Neither, Neither, Neither, Neither"
223,4,"Support, Oppose","Neither, Neither","Neither, Neither","Neither, Neither","Support, Oppose",,"Support, Oppose, Neither, Neither, Neither, Neither, Neither, Neither, Support, Oppose"
224,4,"Oppose, Neither","Support, Oppose","Oppose, Neither","Neither, Neither","Oppose, Neither",,"Oppose, Neither, Support, Oppose, Oppose, Neither, Neither, Neither, Oppose, Neither"
225,4,"Neither, Oppose","Neither, Neither","Oppose, Oppose","Neither, Neither","Support, Oppose",,"Neither, Oppose, Neither, Neither, Oppose, Oppose, Neither, Neither, Support, Oppose"
226,4,"Support, Neither","Oppose, Oppose","Oppose, Neither","Support, Oppose","Support, Neither",,"Support, Neither, Oppose, Oppose, Oppose, Neither, Support, Oppose, Support, Neither"
227,4,"Neither, Oppose","Neither, Oppose","Neither, Neither","Support, Neither","Neither, Neither",,"Neither, Oppose, Neither, Oppose, Neither, Neither, Support, Neither, Neither, Neither"
228,4,"Support, Oppose","Oppose, Neither","Support, Oppose","Oppose, Neither","Support, Oppose",,"Support, Oppose, Oppose, Neither, Support, Oppose, Oppose, Neither, Support, Oppose"
229,4,"Support, Neither","Neither, Neither","Neither, Neither","Neither, Neither","Support, Neither",,"Support, Neither, Neither, Neither, Neither, Neither, Neither, Neither, Support, Neither"
230,4,"Support, Oppose","Neither, Support","Neither, Neither","Support, Oppose","Support, Neither",,"Support, Oppose, Neither, Support, Neither, Neither, Support, Oppose, Support, Neither"
231,4,"Support, Oppose","Support, Oppose","Support, Oppose","Neither, Neither","Neither, Oppose",,"Support, Oppose, Support, Oppose, Support, Oppose, Neither, Neither, Neither, Oppose"
232,4,"Oppose, Neither","Oppose, Neither","Support, Oppose","Neither, Neither","Neither, Neither",,"Oppose, Neither, Oppose, Neither, Support, Oppose, Neither, Neither, Neither, Neither"
233,4,"Support, Oppose","Neither, Oppose","Neither, Neither","Neither, Neither","Neither, Neither",,"Support, Oppose, Neither, Oppose, Neither, Neither, Neither, Neither, Neither, Neither"
234,4,"Neither, Oppose","Neither, Support","Neither, Oppose","Support, Oppose","Neither, Oppose",,"Neither, Oppose, Neither, Support, Neither, Oppose, Support, Oppose, Neither, Oppose"
235,4,"Oppose, Neither","Oppose, Support","Oppose, Neither","Oppose, Neither","Neither, Oppose",,"Oppose, Neither, Oppose, Support, Oppose, Neither, Oppose, Neither, Neither, Oppose"
236,4,"Support, Neither","Oppose, Neither","Neither, Oppose","Support, Neither","Support, Neither",,"Support, Neither, Oppose, Neither, Neither, Oppose, Support, Neither, Support, Neither"
237,4,"Neither, Oppose","Neither, Neither","Neither, Neither","Support, Oppose","Neither, Oppose",,"Neither, Oppose, Neither, Neither, Neither, Neither, Support, Oppose, Neither, Oppose"
238,4,"Support, Oppose","Support, Neither","Oppose, Neither","Neither, Neither","Neither, Neither",,"Support, Oppose, Support, Neither, Oppose, Neither, Neither, Neither, Neither, Neither"
239,4,"Oppose, Support","Support, Oppose","Oppose, Support","Neither, Neither","Support, Oppose",,"Oppose, Support, Support, Oppose, Oppose, Support, Neither, Neither, Support, Oppose"
240,4,"Oppose, Support","Neither, Neither","Neither, Neither","Neither, Neither","Oppose, Neither",,"Oppose, Support, Neither, Neither, Neither, Neither, Neither, Neither, Oppose, Neither"
241,4,"Oppose, Oppose","Neither, Oppose","Support, Oppose","Neither, Oppose","Neither, Oppose",,"Oppose, Oppose, Neither, Oppose, Support, Oppose, Neither, Oppose, Neither, Oppose"
242,4,"Neither, Neither","Neither, Neither","Oppose, Oppose","Oppose, Neither","Neither, Oppose",,"Neither, Neither, Neither, Neither, Oppose, Oppose, Oppose, Neither, Neither, Oppose"
243,4,"Oppose, Support","Oppose, Neither","Neither, Support","Neither, Oppose","Neither, Oppose",,"Oppose, Support, Oppose, Neither, Neither, Support, Neither, Oppose, Neither, Oppose"
244,4,"Neither, Oppose","Oppose, Neither","Neither, Neither","Neither, Oppose","Neither, Oppose",,"Neither, Oppose, Oppose, Neither, Neither, Neither, Neither, Oppose, Neither, Oppose"
245,4,"Oppose, Support","Support, Oppose","Neither, Neither","Neither, Neither","Neither, Oppose",,"Oppose, Support, Support, Oppose, Neither, Neither, Neither, Neither, Neither, Oppose"
246,4,"Neither, Oppose","Neither, Oppose","Neither, Oppose","Support, Oppose","Support, Oppose",,"Neither, Oppose, Neither, Oppose, Neither, Oppose, Support, Oppose, Support, Oppose"
247,4,"Oppose, Support","Support, Neither","Oppose, Neither","Neither, Oppose","Support, Oppose",,"Oppose, Support, Support, Neither, Oppose, Neither, Neither, Oppose, Support, Oppose"
248,4,"Neither, Neither","Oppose, Neither","Neither, Neither","Oppose, Neither","Neither, Neither",,"Neither, Neither, Oppose, Neither, Neither, Neither, Oppose, Neither, Neither, Neither"
249,4,"Oppose, Support","Neither, Neither","Neither, Support","Neither, Neither","Neither, Neither",,"Oppose, Support, Neither, Neither, Neither, Support, Neither, Neither, Neither, Neither"
250,4,"Neither, Support","Neither, Neither","Neither, Neither","Neither, Neither","Neither, Oppose",,"Neither, Support, Neither, Neither, Neither, Neither, Neither, Neither, Neither, Oppose"
251,5,"Neither, Oppose","Neither, Oppose","Support, Oppose","Support, Oppose","Neither, Support","Neither, Oppose","Neither, Oppose, Neither, Oppose, Support, Oppose, Support, Oppose, Neither, Support"
252,5,"Neither, Oppose","Neither, Neither","Neither, Oppose","Neither, Oppose","Neither, Support","Neither, Oppose","Neither, Oppose, Neither, Neither, Neither, Oppose, Neither, Oppose, Neither, Support"
253,5,"Neither, Support","Neither, Oppose","Neither, Oppose","Neither, Support","Neither, Support","Neither, Neither","Neither, Support, Neither, Oppose, Neither, Oppose, Neither, Support, Neither, Support"
254,5,"Oppose, Oppose","Oppose, Neither","Neither, Neither","Oppose, Support","Oppose, Support","Neither, Neither","Oppose, Oppose, Oppose, Neither, Neither, Neither, Oppose, Support, Oppose, Support"
255,5,"Neither, Neither","Neither, Neither","Support, Oppose","Neither, Neither","Neither, Neither","Neither, Neither","Neither, Neither, Neither, Neither, Support, Oppose, Neither, Neither, Neither, Neither"
256,5,"Oppose, Neither","Neither, Neither","Oppose, Neither","Neither, Neither","Neither, Oppose","Oppose, Neither","Oppose, Neither, Neither, Neither, Oppose, Neither, Neither, Neither, Neither, Oppose"
257,5,"Neither, Oppose","Oppose, Support","Oppose, Support","Neither, Oppose","Oppose, Oppose","Neither, Neither","Neither, Oppose, Oppose, Support, Oppose, Support, Neither, Oppose, Oppose, Oppose"
258,5,"Support, Oppose","Oppose, Support","Support, Oppose","Neither, Oppose","Neither, Oppose","Oppose, Neither","Support, Oppose, Oppose, Support, Support, Oppose, Neither, Oppose, Neither, Oppose"
259,5,"Support, Oppose","Oppose, Neither","Neither, Neither","Oppose, Neither","Oppose, Neither","Neither, Neither","Support, Oppose, Oppose, Neither, Neither, Neither, Oppose, Neither, Oppose, Neither"
260,5,"Oppose, Neither","Neither, Oppose","Oppose, Neither","Neither, Neither","Neither, Oppose","Neither, Oppose","Oppose, Neither, Neither, Oppose, Oppose, Neither, Neither, Neither, Neither, Oppose"
261,5,"Oppose, Support","Oppose, Support","Neither, Neither","Neither, Neither","Oppose, Support","Neither, Neither","Oppose, Support, Oppose, Support, Neither, Neither, Neither, Neither, Oppose, Support"
262,5,"Support, Neither","Oppose, Neither","Neither, Neither","Support, Neither","Oppose, Neither","Oppose, Neither","Support, Neither, Oppose, Neither, Neither, Neither, Support, Neither, Oppose, Neither"
263,5,"Neither, Neither","Neither, Neither","Neither, Neither","Support, Neither","Support, Oppose","Neither, Neither","Neither, Neither, Neither, Neither, Neither, Neither, Support, Neither, Support, Oppose"
264,5,"Neither, Oppose","Neither, Neither","Neither, Neither","Neither, Neither","Oppose, Neither","Neither, Neither","Neither, Oppose, Neither, Neither, Neither, Neither, Neither, Neither, Oppose, Neither"
265,5,"Support, Oppose","Oppose, Support","Neither, Neither","Support, Oppose","Neither, Neither","Neither, Neither","Support, Oppose, Oppose, Support, Neither, Neither, Support, Oppose, Neither, Neither"
266,5,"Oppose, Neither","Support, Neither","Neither, Neither","Oppose, Neither","Support, Neither","Support, Neither","Oppose, Neither, Support, Neither, Neither, Neither, Oppose, Neither, Support, Neither"
267,5,"Support, Neither","Oppose, Neither","Support, Oppose","Neither, Neither","Oppose, Neither","Neither, Neither","Support, Neither, Oppose, Neither, Support, Oppose, Neither, Neither, Oppose, Neither"
268,5,"Support, Oppose","Neither, Neither","Support, Oppose","Oppose, Support","Neither, Oppose","Neither, Oppose","Support, Oppose, Neither, Neither, Support, Oppose, Oppose, Support, Neither, Oppose"
269,5,"Support, Neither","Oppose, Neither","Oppose, Neither","Neither, Neither","Neither, Neither","Oppose, Neither","Support, Neither, Oppose, Neither, Oppose, Neither, Neither, Neither, Neither, Neither"
270,5,"Neither, Oppose","Neither, Neither","Support, Oppose","Support, Oppose","Oppose, Neither","Neither, Neither","Neither, Oppose, Neither, Neither, Support, Oppose, Support, Oppose, Oppose, Neither"
271,5,"Support, Oppose","Oppose, Neither","Support, Oppose","Neither, Neither","Oppose, Neither","Oppose, Neither","Support, Oppose, Oppose, Neither, Support, Oppose, Neither, Neither, Oppose, Neither"
272,5,"Oppose, Neither","Neither, Oppose","Neither, Neither","Support, Oppose","Support, Oppose","Oppose, Neither","Oppose, Neither, Neither, Oppose, Neither, Neither, Support, Oppose, Support, Oppose"
273,5,"Neither, Oppose","Neither, Oppose","Support, Neither","Neither, Neither","Support, Neither","Neither, Oppose","Neither, Oppose, Neither, Oppose, Support, Neither, Neither, Neither, Support, Neither"
274,5,"Support, Neither","Oppose, Neither","Support, Neither","Neither, Neither","Support, Neither","Support, Neither","Support, Neither, Oppose, Neither, Support, Neither, Neither, Neither, Support, Neither"
275,5,"Support, Oppose","Support, Neither","Support, Oppose","Support, Oppose","Neither, Oppose","Support, Oppose","Support, Oppose, Support, Neither, Support, Oppose, Support, Oppose, Neither, Oppose"
276,5,"Support, Oppose","Oppose, Support","Support, Oppose","Oppose, Support","Neither, Neither","Support, Oppose","Support, Oppose, Oppose, Support, Support, Oppose, Oppose, Support, Neither, Neither"
277,5,"Support, Oppose","Support, Neither","Support, Oppose","Support, Oppose","Support, Neither","Neither, Neither","Support, Oppose, Support, Neither, Support, Oppose, Support, Oppose, Support, Neither"
278,5,"Neither, Support","Neither, Neither","Support, Support","Neither, Oppose","Neither, Oppose","Neither, Oppose","Neither, Support, Neither, Neither, Support, Support, Neither, Oppose, Neither, Oppose"
279,5,"Neither, Oppose","Oppose, Neither","Neither, Oppose","Neither, Neither","Neither, Oppose","Oppose, Neither","Neither, Oppose, Oppose, Neither, Neither, Oppose, Neither, Neither, Neither, Oppose"
280,5,"Support, Oppose","Support, Oppose","Support, Oppose","Neither, Neither","Support, Oppose","Neither, Neither","Support, Oppose, Support, Oppose, Support, Oppose, Neither, Neither, Support, Oppose"
281,5,"Support, Oppose","Oppose, Support","Support, Oppose","Oppose, Support","Oppose, Support","Neither, Neither","Support, Oppose, Oppose, Support, Support, Oppose, Oppose, Support, Oppose, Support"
282,5,"Neither, Neither","Neither, Neither","Neither, Oppose","Oppose, Neither","Support, Oppose","Support, Oppose","Neither, Neither, Neither, Neither, Neither, Oppose, Oppose, Neither, Support, Oppose"
283,5,"Oppose, Neither","Neither, Oppose","Oppose, Support","Neither, Oppose","Neither, Oppose","Neither, Oppose","Oppose, Neither, Neither, Oppose, Oppose, Support, Neither, Oppose, Neither, Oppose"
284,5,"Neither, Neither","Neither, Oppose","Neither, Neither","Neither, Oppose","Neither, Oppose","Neither, Support","Neither, Neither, Neither, Oppose, Neither, Neither, Neither, Oppose, Neither, Oppose"
285,5,"Neither, Oppose","Neither, Neither","Neither, Oppose","Support, Oppose","Neither, Support","Neither, Neither","Neither, Oppose, Neither, Neither, Neither, Oppose, Support, Oppose, Neither, Support"
286,5,"Neither, Oppose","Neither, Support","Neither, Support","Support, Oppose","Neither, Neither","Oppose, Support","Neither, Oppose, Neither, Support, Neither, Support, Support, Oppose, Neither, Neither"
287,5,"Neither, Oppose","Support, Neither","Oppose, Neither","Support, Oppose","Neither, Neither","Neither, Oppose","Neither, Oppose, Support, Neither, Oppose, Neither, Support, Oppose, Neither, Neither"
288,5,"Support, Oppose","Neither, Neither","Support, Oppose","Support, Oppose","Support, Oppose","Support, Oppose","Support, Oppose, Neither, Neither, Support, Oppose, Support, Oppose, Support, Oppose"
289,5,"Neither, Neither","Neither, Oppose","Neither, Neither","Neither, Neither","Neither, Oppose","Neither, Oppose","Neither, Neither, Neither, Oppose, Neither, Neither, Neither, Neither, Neither, Oppose"
290,5,"Oppose, Support","Neither, Oppose","Neither, Neither","Oppose, Neither","Support, Oppose","Neither, Neither","Oppose, Support, Neither, Oppose, Neither, Neither, Oppose, Neither, Support, Oppose"
291,5,"Oppose, Support","Support, Oppose","Oppose, Support","Support, Oppose","Oppose, Support","Oppose, Support","Oppose, Support, Support, Oppose, Oppose, Support, Support, Oppose, Oppose, Support"
292,5,"Oppose, Neither","Neither, Neither","Neither, Neither","Neither, Neither","Neither, Neither","Oppose, Neither","Oppose, Neither, Neither, Neither, Neither, Neither, Neither, Neither, Neither, Neither"
293,5,"Neither, Neither","Neither, Neither","Neither, Neither","Neither, Neither","Neither, Neither","Neither, Neither","Neither, Neither, Neither, Neither, Neither, Neither, Neither, Neither, Neither, Neither"
294,5,"Support, Oppose","Oppose, Neither","Neither, Oppose","Oppose, Neither","Support, Oppose","Oppose, Neither","Support, Oppose, Oppose, Neither, Neither, Oppose, Oppose, Neither, Support, Oppose"
295,5,"Support, Neither","Support, Neither","Support, Neither","Support, Neither","Support, Neither","Support, Neither","Support, Neither, Support, Neither, Support, Neither, Support, Neither, Support, Neither"
296,5,"Neither, Oppose","Oppose, Neither","Neither, Neither","Neither, Neither","Neither, Neither","Neither, Neither","Neither, Oppose, Oppose, Neither, Neither, Neither, Neither, Neither, Neither, Neither"
297,5,"Neither, Support","Neither, Oppose","Neither, Support","Neither, Neither","Neither, Oppose","Neither, Oppose","Neither, Support, Neither, Oppose, Neither, Support, Neither, Neither, Neither, Oppose"
298,5,"Neither, Oppose","Neither, Oppose","Neither, Support","Neither, Support","Neither, Oppose","Neither, Oppose","Neither, Oppose, Neither, Oppose, Neither, Support, Neither, Support, Neither, Oppose"
299,5,"Oppose, Neither","Neither, Oppose","Neither, Neither","Neither, Oppose","Neither, Neither","Neither, Neither","Oppose, Neither, Neither, Oppose, Neither, Neither, Neither, Oppose, Neither, Neither"
300,5,"Oppose, Neither","Oppose, Neither","Support, Oppose","Neither, Neither","Support, Oppose","Neither, Neither","Oppose, Neither, Oppose, Neither, Support, Oppose, Neither, Neither, Support, Oppose"
